{"businesses": [{"id": "J3NT61-AH5d5Gu5tFJhYSw", "alias": "the-cabin-nyc-new-york-2", "name": "The Cabin NYC", "image_url": "https://s3-media2.fl.yelpcdn.com/bphoto/pXi18yJuoYy_Nll-nclezQ/o.jpg", "is_closed": false, "url": "https://www.yelp.com/biz/the-cabin-nyc-new-york-2?adjust_creative=a13dN0CY8XDTpMhWiRdWkw&utm_campaign=yelp_api_v3&utm_medium=api_v3_business_search&utm_source=a13dN0CY8XDTpMhWiRdWkw", "review_count": 335, "categories": [{"alias": "newamerican", "title": "American (New)"}, {"alias": "cocktailbars", "title": "Cocktail Bars"}, {"alias": "breakfast_brunch", "title": "Breakfast & Brunch"}], "rating": 4.0, "coordinates": {"latitude": 40.72393, "longitude": -73.98383}, "transactions": ["delivery", "pickup", "restaurant_reservation"], "price": "$$", "location": {"address1": "205 E 4th St", "address2": null, "address3": "", "city": "New York", "zip_code": "10009", "country": "US", "state": "NY", "display_address": ["205 E 4th St", "New York, NY 10009"]}, "phone": "+12127770454", "display_phone": "(212) 777-0454", "distance": 2240.673403602855}, {"id": "uoT2_Wrt1noD6kZOID7tUg", "alias": "jane-new-york-2", "name": "Jane", "image_url": "https://s3-media2.fl.yelpcdn.com/bphoto/J5TWsxXoC_N7KEk2Dp-CwQ/o.jpg", "is_closed": false, "url": "https://www.yelp.com/biz/jane-new-york-2?adjust_creative=a13dN0CY8XDTpMhWiRdWkw&utm_campaign=yelp_api_v3&utm_medium=api_v3_business_search&utm_source=a13dN0CY8XDTpMhWiRdWkw", "review_count": 3217, "categories": [{"alias": "breakfast_brunch", "title": "Breakfast & Brunch"}, {"alias": "newamerican", "title": "American (New)"}, {"alias": "bars", "title": "Bars"}], "rating": 4.0, "coordinates": {"latitude": 40.7273779, "longitude": -74.00025}, "transactions": ["pickup", "delivery"], "price": "$$", "location": {"address1": "100 W Houston St", "address2": "", "address3": "", "city": "New York", "zip_code": "10012", "country": "US", "state": "NY", "display_address": ["100 W Houston St", "New York, NY 10012"]}, "phone": "+12122547000", "display_phone": "(212) 254-7000", "distance": 2489.9758210239006}, {"id": "W_DXM1ZCcM9NTFOR_Jow7w", "alias": "sixth-ward-brooklyn-2", "name": "Sixth Ward", "image_url": "https://s3-media2.fl.yelpcdn.com/bphoto/rlC6e9qoywmQjntQ9iWUuA/o.jpg", "is_closed": false, "url": "https://www.yelp.com/biz/sixth-ward-brooklyn-2?adjust_creative=a13dN0CY8XDTpMhWiRdWkw&utm_campaign=yelp_api_v3&utm_medium=api_v3_business_search&utm_source=a13dN0CY8XDTpMhWiRdWkw", "review_count": 40, "categories": [{"alias": "tradamerican", "title": "American (Traditional)"}, {"alias": "bbq", "title": "Barbeque"}, {"alias": "breakfast_brunch", "title": "Breakfast & Brunch"}], "rating": 4.5, "coordinates": {"latitude": 40.68599, "longitude": -73.9911}, "transactions": ["delivery", "pickup", "restaurant_reservation"], "location": {"address1": "166 Smith St", "address2": null, "address3": "", "city": "Brooklyn", "zip_code": "11201", "country": "US", "state": "NY", "display_address": ["166 Smith St", "Brooklyn, NY 11201"]}, "phone": "+17184513825", "display_phone": "(718) 451-3825", "distance": 2175.2044122200696}, {"id": "AA9wpuJRhkSHUePAiv3otA", "alias": "the-leroy-house-new-york-5", "name": "The Leroy House", "image_url": "https://s3-media2.fl.yelpcdn.com/bphoto/2gFtU7B5tZx4WVtl5jiwjQ/o.jpg", "is_closed": false, "url": "https://www.yelp.com/biz/the-leroy-house-new-york-5?adjust_creative=a13dN0CY8XDTpMhWiRdWkw&utm_campaign=yelp_api_v3&utm_medium=api_v3_business_search&utm_source=a13dN0CY8XDTpMhWiRdWkw", "review_count": 123, "categories": [{"alias": "newamerican", "title": "American (New)"}, {"alias": "cocktailbars", "title": "Cocktail Bars"}], "rating": 4.5, "coordinates": {"latitude": 40.73063, "longitude": -74.00661}, "transactions": ["pickup", "delivery"], "price": "$$$", "location": {"address1": "430 Hudson St", "address2": "", "address3": "", "city": "New York", "zip_code": "10014", "country": "US", "state": "NY", "display_address": ["430 Hudson St", "New York, NY 10014"]}, "phone": "+16465900640", "display_phone": "(646) 590-0640", "distance": 2983.4823644949856}, {"id": "N5UY113nNpeKdLPv0cbMjQ", "alias": "the-wild-son-new-york", "name": "The Wild Son", "image_url": "https://s3-media3.fl.yelpcdn.com/bphoto/bKbzwnDOl26D3aVzh-lj0A/o.jpg", "is_closed": false, "url": "https://www.yelp.com/biz/the-wild-son-new-york?adjust_creative=a13dN0CY8XDTpMhWiRdWkw&utm_campaign=yelp_api_v3&utm_medium=api_v3_business_search&utm_source=a13dN0CY8XDTpMhWiRdWkw", "review_count": 535, "categories": [{"alias": "newamerican", "title": "American (New)"}, {"alias": "cocktailbars", "title": "Cocktail Bars"}, {"alias": "breakfast_brunch", "title": "Breakfast & Brunch"}], "rating": 4.5, "coordinates": {"latitude": 40.727424, "longitude": -73.985201}, "transactions": ["pickup", "delivery"], "price": "$$", "location": {"address1": "132 First Ave", "address2": "", "address3": null, "city": "New York", "zip_code": "10009", "country": "US", "state": "NY", "display_address": ["132 First Ave", "New York, NY 10009"]}, "phone": "+12127277900", "display_phone": "(212) 727-7900", "distance": 2560.9007972575373}, {"id": "xMUZfoyzyJoTfZxrEZus4Q", "alias": "moms-kitchen-and-bar-new-york", "name": "Mom's Kitchen & Bar", "image_url": "https://s3-media3.fl.yelpcdn.com/bphoto/2em4dLRX21eieAsYXp_xUw/o.jpg", "is_closed": false, "url": "https://www.yelp.com/biz/moms-kitchen-and-bar-new-york?adjust_creative=a13dN0CY8XDTpMhWiRdWkw&utm_campaign=yelp_api_v3&utm_medium=api_v3_business_search&utm_source=a13dN0CY8XDTpMhWiRdWkw", "review_count": 957, "categories": [{"alias": "comfortfood", "title": "Comfort Food"}, {"alias": "breakfast_brunch", "title": "Breakfast & Brunch"}, {"alias": "bars", "title": "Bars"}], "rating": 4.5, "coordinates": {"latitude": 40.76247, "longitude": -73.9901}, "transactions": ["delivery", "pickup"], "price": "$$", "location": {"address1": "701 9th Ave", "address2": null, "address3": "", "city": "New York", "zip_code": "10019", "country": "US", "state": "NY", "display_address": ["701 9th Ave", "New York, NY 10019"]}, "phone": "+16466570080", "display_phone": "(646) 657-0080", "distance": 6348.798652807708}, {"id": "m86CNmYThtzzWB3nPnrhbg", "alias": "emily-west-village-new-york", "name": "Emily - West Village", "image_url": "https://s3-media2.fl.yelpcdn.com/bphoto/6zPD8MFRcJLJiJoo-vXD9w/o.jpg", "is_closed": false, "url": "https://www.yelp.com/biz/emily-west-village-new-york?adjust_creative=a13dN0CY8XDTpMhWiRdWkw&utm_campaign=yelp_api_v3&utm_medium=api_v3_business_search&utm_source=a13dN0CY8XDTpMhWiRdWkw", "review_count": 777, "categories": [{"alias": "pizza", "title": "Pizza"}, {"alias": "burgers", "title": "Burgers"}], "rating": 4.0, "coordinates": {"latitude": 40.729330068469, "longitude": -74.0038400073579}, "transactions": ["pickup", "delivery"], "price": "$$", "location": {"address1": "35 Downing St", "address2": "", "address3": null, "city": "New York", "zip_code": "10014", "country": "US", "state": "NY", "display_address": ["35 Downing St", "New York, NY 10014"]}, "phone": "+19179356434", "display_phone": "(917) 935-6434", "distance": 2779.5434255898854}, {"id": "RfxOtJ4SQmEeVX_XjFLWUQ", "alias": "otis-brooklyn-2", "name": "Otis", "image_url": "https://s3-media3.fl.yelpcdn.com/bphoto/aViDtyaJ5YRmsqC4ot5L2w/o.jpg", "is_closed": false, "url": "https://www.yelp.com/biz/otis-brooklyn-2?adjust_creative=a13dN0CY8XDTpMhWiRdWkw&utm_campaign=yelp_api_v3&utm_medium=api_v3_business_search&utm_source=a13dN0CY8XDTpMhWiRdWkw", "review_count": 377, "categories": [{"alias": "newamerican", "title": "American (New)"}, {"alias": "cocktailbars", "title": "Cocktail Bars"}], "rating": 5.0, "coordinates": {"latitude": 40.706011, "longitude": -73.932598}, "transactions": ["pickup", "delivery"], "price": "$$", "location": {"address1": "18 Harrison Pl", "address2": null, "address3": "", "city": "Brooklyn", "zip_code": "11206", "country": "US", "state": "NY", "display_address": ["18 Harrison Pl", "Brooklyn, NY 11206"]}, "phone": "+16468860601", "display_phone": "(646) 886-0601", "distance": 5200.877004016517}, {"id": "n-JSnKZcF1Bs-RPcIlb0qw", "alias": "elephant-and-castle-new-york", "name": "Elephant & Castle", "image_url": "https://s3-media3.fl.yelpcdn.com/bphoto/q7HG0tTcfkKUbTl9FeNKSw/o.jpg", "is_closed": false, "url": "https://www.yelp.com/biz/elephant-and-castle-new-york?adjust_creative=a13dN0CY8XDTpMhWiRdWkw&utm_campaign=yelp_api_v3&utm_medium=api_v3_business_search&utm_source=a13dN0CY8XDTpMhWiRdWkw", "review_count": 539, "categories": [{"alias": "newamerican", "title": "American (New)"}, {"alias": "breakfast_brunch", "title": "Breakfast & Brunch"}], "rating": 4.0, "coordinates": {"latitude": 40.736214, "longitude": -74.000729}, "transactions": ["pickup", "delivery"], "price": "$$", "location": {"address1": "68 Greenwich Ave", "address2": "", "address3": "", "city": "New York", "zip_code": "10011", "country": "US", "state": "NY", "display_address": ["68 Greenwich Ave", "New York, NY 10011"]}, "phone": "+12122431400", "display_phone": "(212) 243-1400", "distance": 3464.090808179182}, {"id": "NDIrifAl6K-RrnZ2D3ZGbw", "alias": "emily-brooklyn-2", "name": "Emily", "image_url": "https://s3-media2.fl.yelpcdn.com/bphoto/mhCmk6CLlIrv6kRI12LU7Q/o.jpg", "is_closed": false, "url": "https://www.yelp.com/biz/emily-brooklyn-2?adjust_creative=a13dN0CY8XDTpMhWiRdWkw&utm_campaign=yelp_api_v3&utm_medium=api_v3_business_search&utm_source=a13dN0CY8XDTpMhWiRdWkw", "review_count": 836, "categories": [{"alias": "tradamerican", "title": "American (Traditional)"}], "rating": 4.0, "coordinates": {"latitude": 40.68351, "longitude": -73.96643}, "transactions": ["pickup", "delivery"], "price": "$$$", "location": {"address1": "919 Fulton St", "address2": "", "address3": null, "city": "Brooklyn", "zip_code": "11238", "country": "US", "state": "NY", "display_address": ["919 Fulton St", "Brooklyn, NY 11238"]}, "phone": "+13478449588", "display_phone": "(347) 844-9588", "distance": 3386.31188613219}, {"id": "Xd_l7jtUAZZAAvK8-mI2Jw", "alias": "the-smith-new-york-7", "name": "The Smith", "image_url": "https://s3-media4.fl.yelpcdn.com/bphoto/eS9svu8acJUNcmHpGS5M6Q/o.jpg", "is_closed": false, "url": "https://www.yelp.com/biz/the-smith-new-york-7?adjust_creative=a13dN0CY8XDTpMhWiRdWkw&utm_campaign=yelp_api_v3&utm_medium=api_v3_business_search&utm_source=a13dN0CY8XDTpMhWiRdWkw", "review_count": 1109, "categories": [{"alias": "newamerican", "title": "American (New)"}, {"alias": "breakfast_brunch", "title": "Breakfast & Brunch"}, {"alias": "cocktailbars", "title": "Cocktail Bars"}], "rating": 4.0, "coordinates": {"latitude": 40.74424, "longitude": -73.98878}, "transactions": ["pickup", "delivery"], "price": "$$$", "location": {"address1": "1150 Broadway", "address2": "", "address3": "", "city": "New York", "zip_code": "10010", "country": "US", "state": "NY", "display_address": ["1150 Broadway", "New York, NY 10010"]}, "phone": "+12126854500", "display_phone": "(212) 685-4500", "distance": 4336.3142178560565}, {"id": "8F81LrdFm6P5kkFpsw0n0w", "alias": "sweet-chick-new-york", "name": "Sweet Chick", "image_url": "https://s3-media4.fl.yelpcdn.com/bphoto/e7M1L-t2C2wivXMx1qd-KQ/o.jpg", "is_closed": false, "url": "https://www.yelp.com/biz/sweet-chick-new-york?adjust_creative=a13dN0CY8XDTpMhWiRdWkw&utm_campaign=yelp_api_v3&utm_medium=api_v3_business_search&utm_source=a13dN0CY8XDTpMhWiRdWkw", "review_count": 1733, "categories": [{"alias": "southern", "title": "Southern"}, {"alias": "breakfast_brunch", "title": "Breakfast & Brunch"}, {"alias": "tradamerican", "title": "American (Traditional)"}], "rating": 4.0, "coordinates": {"latitude": 40.7217399, "longitude": -73.98739}, "transactions": ["delivery", "pickup"], "price": "$$", "location": {"address1": "178 Ludlow St", "address2": "", "address3": "", "city": "New York", "zip_code": "10002", "country": "US", "state": "NY", "display_address": ["178 Ludlow St", "New York, NY 10002"]}, "phone": "+16466570233", "display_phone": "(646) 657-0233", "distance": 1901.1018520082853}, {"id": "C-8mGN7lt5rIraO5n-15ug", "alias": "the-smith-new-york-2", "name": "The Smith", "image_url": "https://s3-media3.fl.yelpcdn.com/bphoto/gih2UqttrnFYeoHpMEWYow/o.jpg", "is_closed": false, "url": "https://www.yelp.com/biz/the-smith-new-york-2?adjust_creative=a13dN0CY8XDTpMhWiRdWkw&utm_campaign=yelp_api_v3&utm_medium=api_v3_business_search&utm_source=a13dN0CY8XDTpMhWiRdWkw", "review_count": 2780, "categories": [{"alias": "newamerican", "title": "American (New)"}, {"alias": "breakfast_brunch", "title": "Breakfast & Brunch"}, {"alias": "cocktailbars", "title": "Cocktail Bars"}], "rating": 4.0, "coordinates": {"latitude": 40.755165, "longitude": -73.967868}, "transactions": ["pickup", "delivery"], "price": "$$", "location": {"address1": "956 2nd Ave", "address2": "", "address3": "", "city": "New York", "zip_code": "10022", "country": "US", "state": "NY", "display_address": ["956 2nd Ave", "New York, NY 10022"]}, "phone": "+12126442700", "display_phone": "(212) 644-2700", "distance": 5960.16818302934}, {"id": "mWS4umRg2AyykyAClMrIRw", "alias": "the-penrose-new-york", "name": "The Penrose", "image_url": "https://s3-media4.fl.yelpcdn.com/bphoto/qNLV1pybDp4Elzp3Ci_gzQ/o.jpg", "is_closed": false, "url": "https://www.yelp.com/biz/the-penrose-new-york?adjust_creative=a13dN0CY8XDTpMhWiRdWkw&utm_campaign=yelp_api_v3&utm_medium=api_v3_business_search&utm_source=a13dN0CY8XDTpMhWiRdWkw", "review_count": 1263, "categories": [{"alias": "gastropubs", "title": "Gastropubs"}, {"alias": "bars", "title": "Bars"}, {"alias": "breakfast_brunch", "title": "Breakfast & Brunch"}], "rating": 4.0, "coordinates": {"latitude": 40.775427, "longitude": -73.953115}, "transactions": ["pickup", "delivery"], "price": "$$", "location": {"address1": "1590 2nd Ave", "address2": "", "address3": "", "city": "New York", "zip_code": "10028", "country": "US", "state": "NY", "display_address": ["1590 2nd Ave", "New York, NY 10028"]}, "phone": "+12122032751", "display_phone": "(212) 203-2751", "distance": 8520.81817524141}, {"id": "4LoroCI3VtQ17dyQa75-Rg", "alias": "the-warren-new-york", "name": "The Warren", "image_url": "https://s3-media1.fl.yelpcdn.com/bphoto/qJGtQFPKUJ3ZgBcBGBqcgw/o.jpg", "is_closed": false, "url": "https://www.yelp.com/biz/the-warren-new-york?adjust_creative=a13dN0CY8XDTpMhWiRdWkw&utm_campaign=yelp_api_v3&utm_medium=api_v3_business_search&utm_source=a13dN0CY8XDTpMhWiRdWkw", "review_count": 246, "categories": [{"alias": "gastropubs", "title": "Gastropubs"}], "rating": 4.0, "coordinates": {"latitude": 40.7331, "longitude": -74.0067}, "transactions": ["pickup", "delivery"], "price": "$$", "location": {"address1": "131 Christopher St", "address2": null, "address3": "", "city": "New York", "zip_code": "10014", "country": "US", "state": "NY", "display_address": ["131 Christopher St", "New York, NY 10014"]}, "phone": "+12122431311", "display_phone": "(212) 243-1311", "distance": 3252.281013226276}, {"id": "036OHcA8Au0yTOrrcj5SEQ", "alias": "someday-bar-brooklyn", "name": "Someday Bar", "image_url": "https://s3-media3.fl.yelpcdn.com/bphoto/s-OCLXP-WzE_xmwEMH84_A/o.jpg", "is_closed": false, "url": "https://www.yelp.com/biz/someday-bar-brooklyn?adjust_creative=a13dN0CY8XDTpMhWiRdWkw&utm_campaign=yelp_api_v3&utm_medium=api_v3_business_search&utm_source=a13dN0CY8XDTpMhWiRdWkw", "review_count": 45, "categories": [{"alias": "bars", "title": "Bars"}, {"alias": "newamerican", "title": "American (New)"}], "rating": 4.5, "coordinates": {"latitude": 40.68736, "longitude": -73.98633}, "transactions": ["pickup", "delivery"], "price": "$$", "location": {"address1": "364 Atlantic Ave", "address2": null, "address3": "", "city": "Brooklyn", "zip_code": "11217", "country": "US", "state": "NY", "display_address": ["364 Atlantic Ave", "Brooklyn, NY 11217"]}, "phone": "+19294808454", "display_phone": "(929) 480-8454", "distance": 2120.044511746092}, {"id": "Vz_VSDTLuuEfaku4ihKTvA", "alias": "little-ways-new-york", "name": "Little Ways", "image_url": "https://s3-media4.fl.yelpcdn.com/bphoto/eNozg2PPRvyhzA4a18bPEg/o.jpg", "is_closed": false, "url": "https://www.yelp.com/biz/little-ways-new-york?adjust_creative=a13dN0CY8XDTpMhWiRdWkw&utm_campaign=yelp_api_v3&utm_medium=api_v3_business_search&utm_source=a13dN0CY8XDTpMhWiRdWkw", "review_count": 18, "categories": [{"alias": "tradamerican", "title": "American (Traditional)"}], "rating": 4.5, "coordinates": {"latitude": 40.722622, "longitude": -74.0033741}, "transactions": ["pickup", "delivery"], "location": {"address1": "343 W Broadway", "address2": "", "address3": null, "city": "New York", "zip_code": "10013", "country": "US", "state": "NY", "display_address": ["343 W Broadway", "New York, NY 10013"]}, "phone": "+12129918175", "display_phone": "(212) 991-8175", "distance": 2057.647137856035}, {"id": "Orbsfc3nI21mQ8cwSPahhg", "alias": "the-four-horsemen-brooklyn", "name": "The Four Horsemen", "image_url": "https://s3-media2.fl.yelpcdn.com/bphoto/_HpgmmeSN9qK2hdPa8S-7g/o.jpg", "is_closed": false, "url": "https://www.yelp.com/biz/the-four-horsemen-brooklyn?adjust_creative=a13dN0CY8XDTpMhWiRdWkw&utm_campaign=yelp_api_v3&utm_medium=api_v3_business_search&utm_source=a13dN0CY8XDTpMhWiRdWkw", "review_count": 214, "categories": [{"alias": "wine_bars", "title": "Wine Bars"}, {"alias": "newamerican", "title": "American (New)"}], "rating": 4.5, "coordinates": {"latitude": 40.71305, "longitude": -73.95732}, "transactions": [], "price": "$$", "location": {"address1": "295 Grand St", "address2": "", "address3": "", "city": "Brooklyn", "zip_code": "11211", "country": "US", "state": "NY", "display_address": ["295 Grand St", "Brooklyn, NY 11211"]}, "phone": "+17185994900", "display_phone": "(718) 599-4900", "distance": 3234.4709420444497}, {"id": "hGo9KArKThuOKxNbwmNpoA", "alias": "rubys-cafe-new-york-4", "name": "Ruby's Cafe", "image_url": "https://s3-media3.fl.yelpcdn.com/bphoto/IFhAGIH9Rr1lWuUzx9zWtg/o.jpg", "is_closed": false, "url": "https://www.yelp.com/biz/rubys-cafe-new-york-4?adjust_creative=a13dN0CY8XDTpMhWiRdWkw&utm_campaign=yelp_api_v3&utm_medium=api_v3_business_search&utm_source=a13dN0CY8XDTpMhWiRdWkw", "review_count": 1365, "categories": [{"alias": "burgers", "title": "Burgers"}, {"alias": "coffee", "title": "Coffee & Tea"}, {"alias": "breakfast_brunch", "title": "Breakfast & Brunch"}], "rating": 4.0, "coordinates": {"latitude": 40.7223288, "longitude": -73.996326}, "transactions": ["pickup", "delivery"], "price": "$$", "location": {"address1": "219 Mulberry St", "address2": null, "address3": "", "city": "New York", "zip_code": "10012", "country": "US", "state": "NY", "display_address": ["219 Mulberry St", "New York, NY 10012"]}, "phone": "+12129255755", "display_phone": "(212) 925-5755", "distance": 1885.2073265064769}, {"id": "fVbUVAiLiGgLA_nxBFxyww", "alias": "thursday-kitchen-new-york", "name": "Thursday Kitchen", "image_url": "https://s3-media4.fl.yelpcdn.com/bphoto/nXO8M-d-XTamNmc0BpXWtA/o.jpg", "is_closed": false, "url": "https://www.yelp.com/biz/thursday-kitchen-new-york?adjust_creative=a13dN0CY8XDTpMhWiRdWkw&utm_campaign=yelp_api_v3&utm_medium=api_v3_business_search&utm_source=a13dN0CY8XDTpMhWiRdWkw", "review_count": 1457, "categories": [{"alias": "korean", "title": "Korean"}, {"alias": "newamerican", "title": "American (New)"}, {"alias": "tapasmallplates", "title": "Tapas/Small Plates"}], "rating": 4.5, "coordinates": {"latitude": 40.7275, "longitude": -73.9838}, "transactions": [], "price": "$$", "location": {"address1": "424 E 9th St", "address2": null, "address3": "", "city": "New York", "zip_code": "10009", "country": "US", "state": "NY", "display_address": ["424 E 9th St", "New York, NY 10009"]}, "phone": "", "display_phone": "", "distance": 2613.42601480514}, {"id": "__EvomQ2tE1NtkWn32WEXg", "alias": "au-cheval-new-york-7", "name": "Au Cheval", "image_url": "https://s3-media2.fl.yelpcdn.com/bphoto/W9-b1nIonfipgSeqZxXkaQ/o.jpg", "is_closed": false, "url": "https://www.yelp.com/biz/au-cheval-new-york-7?adjust_creative=a13dN0CY8XDTpMhWiRdWkw&utm_campaign=yelp_api_v3&utm_medium=api_v3_business_search&utm_source=a13dN0CY8XDTpMhWiRdWkw", "review_count": 512, "categories": [{"alias": "burgers", "title": "Burgers"}, {"alias": "newamerican", "title": "American (New)"}, {"alias": "cocktailbars", "title": "Cocktail Bars"}], "rating": 4.5, "coordinates": {"latitude": 40.7183878, "longitude": -74.0015522}, "transactions": [], "location": {"address1": "33 Cortlandt Alley", "address2": "", "address3": null, "city": "New York", "zip_code": "10013", "country": "US", "state": "NY", "display_address": ["33 Cortlandt Alley", "New York, NY 10013"]}, "phone": "+16463502429", "display_phone": "(646) 350-2429", "distance": 1551.476759847152}, {"id": "1LIptXhtDh58vAA-QPFL4w", "alias": "cask-new-york-2", "name": "Cask", "image_url": "https://s3-media2.fl.yelpcdn.com/bphoto/eZRKDZp7cskMvw9-5hP9Jw/o.jpg", "is_closed": false, "url": "https://www.yelp.com/biz/cask-new-york-2?adjust_creative=a13dN0CY8XDTpMhWiRdWkw&utm_campaign=yelp_api_v3&utm_medium=api_v3_business_search&utm_source=a13dN0CY8XDTpMhWiRdWkw", "review_count": 1384, "categories": [{"alias": "bars", "title": "Bars"}, {"alias": "newamerican", "title": "American (New)"}, {"alias": "venues", "title": "Venues & Event Spaces"}], "rating": 4.0, "coordinates": {"latitude": 40.745414, "longitude": -73.979004}, "transactions": ["pickup", "delivery"], "price": "$$", "location": {"address1": "167 E 33rd St", "address2": "", "address3": "", "city": "New York", "zip_code": "10016", "country": "US", "state": "NY", "display_address": ["167 E 33rd St", "New York, NY 10016"]}, "phone": "+12123004924", "display_phone": "(212) 300-4924", "distance": 4627.343247572076}, {"id": "utM-5navObsVA5sCRHobzA", "alias": "madre-brooklyn-2", "name": "Madre", "image_url": "https://s3-media1.fl.yelpcdn.com/bphoto/wEHmNGT_f5Os1eB9IfABaA/o.jpg", "is_closed": false, "url": "https://www.yelp.com/biz/madre-brooklyn-2?adjust_creative=a13dN0CY8XDTpMhWiRdWkw&utm_campaign=yelp_api_v3&utm_medium=api_v3_business_search&utm_source=a13dN0CY8XDTpMhWiRdWkw", "review_count": 96, "categories": [{"alias": "newamerican", "title": "American (New)"}], "rating": 4.5, "coordinates": {"latitude": 40.73311, "longitude": -73.95798}, "transactions": ["delivery"], "price": "$$$", "location": {"address1": "214 Franklin St", "address2": null, "address3": "", "city": "Brooklyn", "zip_code": "11222", "country": "US", "state": "NY", "display_address": ["214 Franklin St", "Brooklyn, NY 11222"]}, "phone": "+17183898700", "display_phone": "(718) 389-8700", "distance": 4342.138145575628}, {"id": "h5WkewI6U7NjLB_n6WgdvQ", "alias": "handcraft-kitchen-and-cocktails-new-york", "name": "HandCraft Kitchen & Cocktails", "image_url": "https://s3-media2.fl.yelpcdn.com/bphoto/zhLvfRSZP7y9_9sd8ZC0EQ/o.jpg", "is_closed": false, "url": "https://www.yelp.com/biz/handcraft-kitchen-and-cocktails-new-york?adjust_creative=a13dN0CY8XDTpMhWiRdWkw&utm_campaign=yelp_api_v3&utm_medium=api_v3_business_search&utm_source=a13dN0CY8XDTpMhWiRdWkw", "review_count": 434, "categories": [{"alias": "cocktailbars", "title": "Cocktail Bars"}, {"alias": "gastropubs", "title": "Gastropubs"}, {"alias": "comfortfood", "title": "Comfort Food"}], "rating": 4.0, "coordinates": {"latitude": 40.740967, "longitude": -73.981292}, "transactions": ["pickup", "delivery"], "price": "$$", "location": {"address1": "367 3rd Ave", "address2": "", "address3": "", "city": "New York", "zip_code": "10016", "country": "US", "state": "NY", "display_address": ["367 3rd Ave", "New York, NY 10016"]}, "phone": "+12126893000", "display_phone": "(212) 689-3000", "distance": 4100.3818380199}, {"id": "JXcYD52B4190gIh6_RSXCg", "alias": "lillys-craft-and-kitchen-new-york", "name": "Lilly's Craft and Kitchen", "image_url": "https://s3-media2.fl.yelpcdn.com/bphoto/M9xP4V9f8ZQe2TOtGVnNNg/o.jpg", "is_closed": false, "url": "https://www.yelp.com/biz/lillys-craft-and-kitchen-new-york?adjust_creative=a13dN0CY8XDTpMhWiRdWkw&utm_campaign=yelp_api_v3&utm_medium=api_v3_business_search&utm_source=a13dN0CY8XDTpMhWiRdWkw", "review_count": 1134, "categories": [{"alias": "bars", "title": "Bars"}, {"alias": "newamerican", "title": "American (New)"}, {"alias": "breakfast_brunch", "title": "Breakfast & Brunch"}], "rating": 4.0, "coordinates": {"latitude": 40.76138, "longitude": -73.99071}, "transactions": ["delivery", "pickup", "restaurant_reservation"], "price": "$$", "location": {"address1": "675 9th Ave", "address2": "", "address3": "", "city": "New York", "zip_code": "10036", "country": "US", "state": "NY", "display_address": ["675 9th Ave", "New York, NY 10036"]}, "phone": "+12127570373", "display_phone": "(212) 757-0373", "distance": 6235.276259080637}, {"id": "w4cFJhUpjGXqqWBd3BbY4w", "alias": "freemans-new-york-3", "name": "Freemans", "image_url": "https://s3-media2.fl.yelpcdn.com/bphoto/u8-TgAt7tq_VQXj-fXPMCQ/o.jpg", "is_closed": false, "url": "https://www.yelp.com/biz/freemans-new-york-3?adjust_creative=a13dN0CY8XDTpMhWiRdWkw&utm_campaign=yelp_api_v3&utm_medium=api_v3_business_search&utm_source=a13dN0CY8XDTpMhWiRdWkw", "review_count": 2105, "categories": [{"alias": "breakfast_brunch", "title": "Breakfast & Brunch"}, {"alias": "lounges", "title": "Lounges"}, {"alias": "tradamerican", "title": "American (Traditional)"}], "rating": 4.0, "coordinates": {"latitude": 40.721988, "longitude": -73.992466}, "transactions": ["pickup", "delivery"], "price": "$$", "location": {"address1": "Freeman Alley", "address2": "", "address3": "", "city": "New York", "zip_code": "10002", "country": "US", "state": "NY", "display_address": ["Freeman Alley", "New York, NY 10002"]}, "phone": "+12124200012", "display_phone": "(212) 420-0012", "distance": 1845.9460130020204}, {"id": "8wMJdpw2R_4VfS55itB_gQ", "alias": "sweetwater-restaurant-brooklyn-2", "name": "Sweetwater Restaurant", "image_url": "https://s3-media4.fl.yelpcdn.com/bphoto/kMmAhqVDm_aIs0ch-G2EIQ/o.jpg", "is_closed": false, "url": "https://www.yelp.com/biz/sweetwater-restaurant-brooklyn-2?adjust_creative=a13dN0CY8XDTpMhWiRdWkw&utm_campaign=yelp_api_v3&utm_medium=api_v3_business_search&utm_source=a13dN0CY8XDTpMhWiRdWkw", "review_count": 403, "categories": [{"alias": "newamerican", "title": "American (New)"}, {"alias": "bars", "title": "Bars"}], "rating": 4.0, "coordinates": {"latitude": 40.7184736, "longitude": -73.9600178}, "transactions": [], "price": "$$", "location": {"address1": "105 N 6th St", "address2": "", "address3": "", "city": "Brooklyn", "zip_code": "11249", "country": "US", "state": "NY", "display_address": ["105 N 6th St", "Brooklyn, NY 11249"]}, "phone": "+17189630608", "display_phone": "(718) 963-0608", "distance": 3231.820645331585}, {"id": "hmdm-dO72hLsMQwQRcGEUQ", "alias": "atrium-dumbo-brooklyn", "name": "Atrium Dumbo", "image_url": "https://s3-media1.fl.yelpcdn.com/bphoto/VUzaLCgAu6qYRSsVGZTDVQ/o.jpg", "is_closed": false, "url": "https://www.yelp.com/biz/atrium-dumbo-brooklyn?adjust_creative=a13dN0CY8XDTpMhWiRdWkw&utm_campaign=yelp_api_v3&utm_medium=api_v3_business_search&utm_source=a13dN0CY8XDTpMhWiRdWkw", "review_count": 670, "categories": [{"alias": "newamerican", "title": "American (New)"}, {"alias": "french", "title": "French"}, {"alias": "bars", "title": "Bars"}], "rating": 4.0, "coordinates": {"latitude": 40.7033899, "longitude": -73.9904923}, "transactions": ["pickup", "delivery"], "price": "$$", "location": {"address1": "15 Main St", "address2": "", "address3": "", "city": "Brooklyn", "zip_code": "11201", "country": "US", "state": "NY", "display_address": ["15 Main St", "Brooklyn, NY 11201"]}, "phone": "+17188581095", "display_phone": "(718) 858-1095", "distance": 391.3077959872246}, {"id": "xkvv0n7jbl4Ra3Vm_jfxaA", "alias": "upland-new-york", "name": "Upland", "image_url": "https://s3-media1.fl.yelpcdn.com/bphoto/aaHIBePLehwF_llzTIdg1A/o.jpg", "is_closed": false, "url": "https://www.yelp.com/biz/upland-new-york?adjust_creative=a13dN0CY8XDTpMhWiRdWkw&utm_campaign=yelp_api_v3&utm_medium=api_v3_business_search&utm_source=a13dN0CY8XDTpMhWiRdWkw", "review_count": 1081, "categories": [{"alias": "newamerican", "title": "American (New)"}, {"alias": "burgers", "title": "Burgers"}], "rating": 4.0, "coordinates": {"latitude": 40.7418912, "longitude": -73.9846396}, "transactions": ["pickup", "delivery"], "price": "$$$", "location": {"address1": "345 Park Ave S", "address2": "", "address3": "", "city": "New York", "zip_code": "10010", "country": "US", "state": "NY", "display_address": ["345 Park Ave S", "New York, NY 10010"]}, "phone": "+12126861006", "display_phone": "(212) 686-1006", "distance": 4133.488189568971}, {"id": "zX8IF7oCbw1HrNaPmOBy-g", "alias": "ferns-new-york-7", "name": "FERNS", "image_url": "https://s3-media4.fl.yelpcdn.com/bphoto/yItx2LvtVS7MtFMK0nPjyw/o.jpg", "is_closed": false, "url": "https://www.yelp.com/biz/ferns-new-york-7?adjust_creative=a13dN0CY8XDTpMhWiRdWkw&utm_campaign=yelp_api_v3&utm_medium=api_v3_business_search&utm_source=a13dN0CY8XDTpMhWiRdWkw", "review_count": 120, "categories": [{"alias": "bars", "title": "Bars"}, {"alias": "tradamerican", "title": "American (Traditional)"}, {"alias": "breakfast_brunch", "title": "Breakfast & Brunch"}], "rating": 4.5, "coordinates": {"latitude": 40.72881, "longitude": -73.98403}, "transactions": ["delivery"], "price": "$$", "location": {"address1": "166 1st Ave", "address2": "", "address3": null, "city": "New York", "zip_code": "10009", "country": "US", "state": "NY", "display_address": ["166 1st Ave", "New York, NY 10009"]}, "phone": "+16469985034", "display_phone": "(646) 998-5034", "distance": 2739.07598997781}, {"id": "9AXTJkwXdWaJaQkCjpj6mA", "alias": "sunday-in-brooklyn-brooklyn-3", "name": "Sunday in Brooklyn", "image_url": "https://s3-media2.fl.yelpcdn.com/bphoto/aQ6Q-J6s4imnnsxnfVASjw/o.jpg", "is_closed": false, "url": "https://www.yelp.com/biz/sunday-in-brooklyn-brooklyn-3?adjust_creative=a13dN0CY8XDTpMhWiRdWkw&utm_campaign=yelp_api_v3&utm_medium=api_v3_business_search&utm_source=a13dN0CY8XDTpMhWiRdWkw", "review_count": 947, "categories": [{"alias": "newamerican", "title": "American (New)"}, {"alias": "breakfast_brunch", "title": "Breakfast & Brunch"}, {"alias": "cocktailbars", "title": "Cocktail Bars"}], "rating": 4.0, "coordinates": {"latitude": 40.714145, "longitude": -73.965322}, "transactions": ["pickup", "delivery"], "price": "$$", "location": {"address1": "348 Wythe Ave", "address2": "", "address3": null, "city": "Brooklyn", "zip_code": "11249", "country": "US", "state": "NY", "display_address": ["348 Wythe Ave", "Brooklyn, NY 11249"]}, "phone": "+13472226722", "display_phone": "(347) 222-6722", "distance": 2626.5777794971095}, {"id": "DhBhEWMVLDxYF14a1znUvA", "alias": "lighthouse-brooklyn-2", "name": "Lighthouse", "image_url": "https://s3-media3.fl.yelpcdn.com/bphoto/y3zbJj3MQK-MUXnymqwBpg/o.jpg", "is_closed": false, "url": "https://www.yelp.com/biz/lighthouse-brooklyn-2?adjust_creative=a13dN0CY8XDTpMhWiRdWkw&utm_campaign=yelp_api_v3&utm_medium=api_v3_business_search&utm_source=a13dN0CY8XDTpMhWiRdWkw", "review_count": 270, "categories": [{"alias": "wine_bars", "title": "Wine Bars"}, {"alias": "mediterranean", "title": "Mediterranean"}, {"alias": "cocktailbars", "title": "Cocktail Bars"}], "rating": 4.0, "coordinates": {"latitude": 40.7104080536563, "longitude": -73.9539040490168}, "transactions": ["pickup", "delivery"], "price": "$$", "location": {"address1": "145 Borinquen Pl", "address2": null, "address3": "", "city": "Brooklyn", "zip_code": "11211", "country": "US", "state": "NY", "display_address": ["145 Borinquen Pl", "Brooklyn, NY 11211"]}, "phone": "+13477897742", "display_phone": "(347) 789-7742", "distance": 3448.867236343932}, {"id": "7Bb_IDWV_zJqpBjAvxuBIA", "alias": "coopers-craft-and-kitchen-new-york-4", "name": "Cooper's Craft & Kitchen", "image_url": "https://s3-media2.fl.yelpcdn.com/bphoto/Br01tBjG5copD4S8m1aATA/o.jpg", "is_closed": false, "url": "https://www.yelp.com/biz/coopers-craft-and-kitchen-new-york-4?adjust_creative=a13dN0CY8XDTpMhWiRdWkw&utm_campaign=yelp_api_v3&utm_medium=api_v3_business_search&utm_source=a13dN0CY8XDTpMhWiRdWkw", "review_count": 447, "categories": [{"alias": "bars", "title": "Bars"}, {"alias": "gastropubs", "title": "Gastropubs"}, {"alias": "tradamerican", "title": "American (Traditional)"}], "rating": 4.0, "coordinates": {"latitude": 40.72704, "longitude": -73.9892}, "transactions": ["pickup", "delivery"], "price": "$$", "location": {"address1": "87 2nd Ave", "address2": "", "address3": "", "city": "New York", "zip_code": "10003", "country": "US", "state": "NY", "display_address": ["87 2nd Ave", "New York, NY 10003"]}, "phone": "+16466062384", "display_phone": "(646) 606-2384", "distance": 2440.070713751667}, {"id": "z5hRX3iJ5Ty_S38iG_WY3Q", "alias": "tanner-smiths-new-york-2", "name": "Tanner Smiths", "image_url": "https://s3-media3.fl.yelpcdn.com/bphoto/Cd4oaUWci9sYJbXy3fbqnw/o.jpg", "is_closed": false, "url": "https://www.yelp.com/biz/tanner-smiths-new-york-2?adjust_creative=a13dN0CY8XDTpMhWiRdWkw&utm_campaign=yelp_api_v3&utm_medium=api_v3_business_search&utm_source=a13dN0CY8XDTpMhWiRdWkw", "review_count": 1822, "categories": [{"alias": "cocktailbars", "title": "Cocktail Bars"}, {"alias": "newamerican", "title": "American (New)"}, {"alias": "beerbar", "title": "Beer Bar"}], "rating": 4.5, "coordinates": {"latitude": 40.76442, "longitude": -73.98169}, "transactions": ["pickup", "delivery"], "price": "$$", "location": {"address1": "204 W 55th St", "address2": "", "address3": "", "city": "New York", "zip_code": "10019", "country": "US", "state": "NY", "display_address": ["204 W 55th St", "New York, NY 10019"]}, "phone": "+16465902034", "display_phone": "(646) 590-2034", "distance": 6628.69302856469}, {"id": "np98mkA22LYf6kCwCL59pw", "alias": "rabbithole-restaurant-brooklyn", "name": "Rabbithole Restaurant", "image_url": "https://s3-media2.fl.yelpcdn.com/bphoto/IDs9nOfcEsxFvz-RKRS7wg/o.jpg", "is_closed": false, "url": "https://www.yelp.com/biz/rabbithole-restaurant-brooklyn?adjust_creative=a13dN0CY8XDTpMhWiRdWkw&utm_campaign=yelp_api_v3&utm_medium=api_v3_business_search&utm_source=a13dN0CY8XDTpMhWiRdWkw", "review_count": 867, "categories": [{"alias": "newamerican", "title": "American (New)"}, {"alias": "breakfast_brunch", "title": "Breakfast & Brunch"}, {"alias": "cocktailbars", "title": "Cocktail Bars"}], "rating": 4.0, "coordinates": {"latitude": 40.7122932799856, "longitude": -73.9628687873483}, "transactions": ["delivery", "pickup", "restaurant_reservation"], "price": "$$", "location": {"address1": "352 Bedford Ave", "address2": "", "address3": "", "city": "Brooklyn", "zip_code": "11211", "country": "US", "state": "NY", "display_address": ["352 Bedford Ave", "Brooklyn, NY 11211"]}, "phone": "+17187820910", "display_phone": "(718) 782-0910", "distance": 2756.037998475819}, {"id": "ULt3kmA0_hbZ3j6cMORCaA", "alias": "root-and-bone-new-york", "name": "Root & Bone", "image_url": "https://s3-media2.fl.yelpcdn.com/bphoto/yBu-16_spailG-10ygENvw/o.jpg", "is_closed": false, "url": "https://www.yelp.com/biz/root-and-bone-new-york?adjust_creative=a13dN0CY8XDTpMhWiRdWkw&utm_campaign=yelp_api_v3&utm_medium=api_v3_business_search&utm_source=a13dN0CY8XDTpMhWiRdWkw", "review_count": 1653, "categories": [{"alias": "southern", "title": "Southern"}, {"alias": "breakfast_brunch", "title": "Breakfast & Brunch"}, {"alias": "salad", "title": "Salad"}], "rating": 4.0, "coordinates": {"latitude": 40.7228079872831, "longitude": -73.9833535829059}, "transactions": ["pickup", "delivery"], "price": "$$", "location": {"address1": "200 E 3rd St", "address2": "", "address3": "", "city": "New York", "zip_code": "10009", "country": "US", "state": "NY", "display_address": ["200 E 3rd St", "New York, NY 10009"]}, "phone": "+16466827080", "display_phone": "(646) 682-7080", "distance": 2139.552340132144}, {"id": "Oq1mej1BYfjcdPKkM_5o8g", "alias": "high-street-on-hudson-new-york", "name": "High Street On Hudson", "image_url": "https://s3-media4.fl.yelpcdn.com/bphoto/FvKsbK7g79UVFYyyzqNeYQ/o.jpg", "is_closed": false, "url": "https://www.yelp.com/biz/high-street-on-hudson-new-york?adjust_creative=a13dN0CY8XDTpMhWiRdWkw&utm_campaign=yelp_api_v3&utm_medium=api_v3_business_search&utm_source=a13dN0CY8XDTpMhWiRdWkw", "review_count": 428, "categories": [{"alias": "newamerican", "title": "American (New)"}, {"alias": "wine_bars", "title": "Wine Bars"}, {"alias": "seafood", "title": "Seafood"}], "rating": 4.0, "coordinates": {"latitude": 40.73888, "longitude": -74.00574}, "transactions": ["pickup", "delivery"], "price": "$$", "location": {"address1": "637 Hudson St", "address2": null, "address3": "", "city": "New York", "zip_code": "10014", "country": "US", "state": "NY", "display_address": ["637 Hudson St", "New York, NY 10014"]}, "phone": "+19173883944", "display_phone": "(917) 388-3944", "distance": 3843.1955727088894}, {"id": "RemvTpxalDjSew5HwmNzUQ", "alias": "the-dead-rabbit-new-york", "name": "The Dead Rabbit", "image_url": "https://s3-media2.fl.yelpcdn.com/bphoto/_4T5R0HHhASROheby-TXDA/o.jpg", "is_closed": false, "url": "https://www.yelp.com/biz/the-dead-rabbit-new-york?adjust_creative=a13dN0CY8XDTpMhWiRdWkw&utm_campaign=yelp_api_v3&utm_medium=api_v3_business_search&utm_source=a13dN0CY8XDTpMhWiRdWkw", "review_count": 1619, "categories": [{"alias": "cocktailbars", "title": "Cocktail Bars"}], "rating": 4.0, "coordinates": {"latitude": 40.70329, "longitude": -74.01102}, "transactions": ["pickup", "delivery"], "price": "$$", "location": {"address1": "30 Water St", "address2": "", "address3": "", "city": "New York", "zip_code": "10004", "country": "US", "state": "NY", "display_address": ["30 Water St", "New York, NY 10004"]}, "phone": "+16464227906", "display_phone": "(646) 422-7906", "distance": 1431.0399855447463}, {"id": "GpWXEpVyehmKP2WQsD_Y8g", "alias": "otb-brooklyn", "name": "OTB", "image_url": "https://s3-media3.fl.yelpcdn.com/bphoto/AU9Lkx_vancc7qp4mJmOCg/o.jpg", "is_closed": false, "url": "https://www.yelp.com/biz/otb-brooklyn?adjust_creative=a13dN0CY8XDTpMhWiRdWkw&utm_campaign=yelp_api_v3&utm_medium=api_v3_business_search&utm_source=a13dN0CY8XDTpMhWiRdWkw", "review_count": 146, "categories": [{"alias": "newamerican", "title": "American (New)"}, {"alias": "breakfast_brunch", "title": "Breakfast & Brunch"}, {"alias": "cocktailbars", "title": "Cocktail Bars"}], "rating": 4.5, "coordinates": {"latitude": 40.710484, "longitude": -73.963408}, "transactions": ["pickup", "delivery"], "price": "$$", "location": {"address1": "141 Broadway", "address2": "", "address3": "", "city": "Brooklyn", "zip_code": "11211", "country": "US", "state": "NY", "display_address": ["141 Broadway", "Brooklyn, NY 11211"]}, "phone": "+13477631481", "display_phone": "(347) 763-1481", "distance": 2668.3585156444715}, {"id": "MyQV4i518ZO4CLudtR8gLA", "alias": "the-bar-room-new-york", "name": "The Bar Room", "image_url": "https://s3-media2.fl.yelpcdn.com/bphoto/Cqic-DpE3NCrBpEAnIDKPA/o.jpg", "is_closed": false, "url": "https://www.yelp.com/biz/the-bar-room-new-york?adjust_creative=a13dN0CY8XDTpMhWiRdWkw&utm_campaign=yelp_api_v3&utm_medium=api_v3_business_search&utm_source=a13dN0CY8XDTpMhWiRdWkw", "review_count": 539, "categories": [{"alias": "newamerican", "title": "American (New)"}, {"alias": "cocktailbars", "title": "Cocktail Bars"}], "rating": 4.0, "coordinates": {"latitude": 40.763409, "longitude": -73.968449}, "transactions": ["pickup", "delivery"], "price": "$$", "location": {"address1": "117 E 60th St", "address2": "", "address3": "", "city": "New York", "zip_code": "10022", "country": "US", "state": "NY", "display_address": ["117 E 60th St", "New York, NY 10022"]}, "phone": "+12125615523", "display_phone": "(212) 561-5523", "distance": 6803.218295278219}, {"id": "MfbVI5reXLIIs8Cc2HwgQw", "alias": "breakroom-new-york", "name": "Breakroom", "image_url": "https://s3-media3.fl.yelpcdn.com/bphoto/6vv_E_iEX19gRg8M-zXFXw/o.jpg", "is_closed": false, "url": "https://www.yelp.com/biz/breakroom-new-york?adjust_creative=a13dN0CY8XDTpMhWiRdWkw&utm_campaign=yelp_api_v3&utm_medium=api_v3_business_search&utm_source=a13dN0CY8XDTpMhWiRdWkw", "review_count": 1612, "categories": [{"alias": "burgers", "title": "Burgers"}, {"alias": "tacos", "title": "Tacos"}], "rating": 4.5, "coordinates": {"latitude": 40.7166907225542, "longitude": -73.9999440120647}, "transactions": ["pickup", "delivery"], "price": "$$", "location": {"address1": "83 Baxter St", "address2": "", "address3": "", "city": "New York", "zip_code": "10013", "country": "US", "state": "NY", "display_address": ["83 Baxter St", "New York, NY 10013"]}, "phone": "+12122272802", "display_phone": "(212) 227-2802", "distance": 1338.114942586202}, {"id": "txSykTj5nbwmpiVNoK_Dyg", "alias": "blue-ribbon-brasserie-soho-new-york", "name": "Blue Ribbon Brasserie - SoHo", "image_url": "https://s3-media1.fl.yelpcdn.com/bphoto/ZAxYITiJ5k1H_zZ2Ph59sg/o.jpg", "is_closed": false, "url": "https://www.yelp.com/biz/blue-ribbon-brasserie-soho-new-york?adjust_creative=a13dN0CY8XDTpMhWiRdWkw&utm_campaign=yelp_api_v3&utm_medium=api_v3_business_search&utm_source=a13dN0CY8XDTpMhWiRdWkw", "review_count": 949, "categories": [{"alias": "tradamerican", "title": "American (Traditional)"}, {"alias": "cocktailbars", "title": "Cocktail Bars"}, {"alias": "desserts", "title": "Desserts"}], "rating": 4.5, "coordinates": {"latitude": 40.725456, "longitude": -74.003027}, "transactions": ["pickup", "delivery"], "price": "$$$", "location": {"address1": "97 Sullivan St", "address2": "", "address3": "", "city": "New York", "zip_code": "10012", "country": "US", "state": "NY", "display_address": ["97 Sullivan St", "New York, NY 10012"]}, "phone": "+12122740404", "display_phone": "(212) 274-0404", "distance": 2343.726730880165}, {"id": "3idAtiEXe_XfTcPoZC_DcQ", "alias": "westville-east-new-york-3", "name": "Westville East", "image_url": "https://s3-media1.fl.yelpcdn.com/bphoto/lNktPIQQ_HEhQMEC1IIj4Q/o.jpg", "is_closed": false, "url": "https://www.yelp.com/biz/westville-east-new-york-3?adjust_creative=a13dN0CY8XDTpMhWiRdWkw&utm_campaign=yelp_api_v3&utm_medium=api_v3_business_search&utm_source=a13dN0CY8XDTpMhWiRdWkw", "review_count": 1072, "categories": [{"alias": "tradamerican", "title": "American (Traditional)"}, {"alias": "beerbar", "title": "Beer Bar"}, {"alias": "bakeries", "title": "Bakeries"}], "rating": 4.0, "coordinates": {"latitude": 40.72847, "longitude": -73.98213}, "transactions": ["pickup", "delivery"], "price": "$$", "location": {"address1": "173 Ave A", "address2": "", "address3": "", "city": "New York", "zip_code": "10009", "country": "US", "state": "NY", "display_address": ["173 Ave A", "New York, NY 10009"]}, "phone": "+12126772033", "display_phone": "(212) 677-2033", "distance": 2757.8062456985617}, {"id": "lhEzTykkqFz92Vq2uILtyw", "alias": "the-wren-new-york", "name": "The Wren", "image_url": "https://s3-media2.fl.yelpcdn.com/bphoto/GU7pSWigy_h52g4Qm54_Tg/o.jpg", "is_closed": false, "url": "https://www.yelp.com/biz/the-wren-new-york?adjust_creative=a13dN0CY8XDTpMhWiRdWkw&utm_campaign=yelp_api_v3&utm_medium=api_v3_business_search&utm_source=a13dN0CY8XDTpMhWiRdWkw", "review_count": 574, "categories": [{"alias": "bars", "title": "Bars"}, {"alias": "breakfast_brunch", "title": "Breakfast & Brunch"}, {"alias": "venues", "title": "Venues & Event Spaces"}], "rating": 4.0, "coordinates": {"latitude": 40.7263350655, "longitude": -73.9920476876}, "transactions": ["delivery"], "price": "$$", "location": {"address1": "344 Bowery", "address2": "", "address3": "", "city": "New York", "zip_code": "10012", "country": "US", "state": "NY", "display_address": ["344 Bowery", "New York, NY 10012"]}, "phone": "+12123880148", "display_phone": "(212) 388-0148", "distance": 2330.5786633327825}, {"id": "6gzQLjzJk25ePm_JS7ZAug", "alias": "esme-brooklyn-2", "name": "Esme", "image_url": "https://s3-media2.fl.yelpcdn.com/bphoto/cUxgl7JaulSa5e1Q4cS_Yg/o.jpg", "is_closed": false, "url": "https://www.yelp.com/biz/esme-brooklyn-2?adjust_creative=a13dN0CY8XDTpMhWiRdWkw&utm_campaign=yelp_api_v3&utm_medium=api_v3_business_search&utm_source=a13dN0CY8XDTpMhWiRdWkw", "review_count": 348, "categories": [{"alias": "newamerican", "title": "American (New)"}, {"alias": "cocktailbars", "title": "Cocktail Bars"}], "rating": 4.5, "coordinates": {"latitude": 40.73322607409529, "longitude": -73.95492695812946}, "transactions": ["pickup", "delivery"], "price": "$$", "location": {"address1": "999 Manhattan Ave", "address2": null, "address3": "", "city": "Brooklyn", "zip_code": "11222", "country": "US", "state": "NY", "display_address": ["999 Manhattan Ave", "Brooklyn, NY 11222"]}, "phone": "+17183830999", "display_phone": "(718) 383-0999", "distance": 4533.145027356241}, {"id": "iZeAlmKKvxnPu5oUKN-B3Q", "alias": "sweet-chick-brooklyn-5", "name": "Sweet Chick", "image_url": "https://s3-media2.fl.yelpcdn.com/bphoto/mLKYe1M58lodC1_CbKoqig/o.jpg", "is_closed": false, "url": "https://www.yelp.com/biz/sweet-chick-brooklyn-5?adjust_creative=a13dN0CY8XDTpMhWiRdWkw&utm_campaign=yelp_api_v3&utm_medium=api_v3_business_search&utm_source=a13dN0CY8XDTpMhWiRdWkw", "review_count": 733, "categories": [{"alias": "newamerican", "title": "American (New)"}, {"alias": "southern", "title": "Southern"}, {"alias": "bars", "title": "Bars"}], "rating": 4.0, "coordinates": {"latitude": 40.67763, "longitude": -73.97255}, "transactions": ["delivery", "pickup"], "price": "$$", "location": {"address1": "341 Flatbush Ave", "address2": "", "address3": null, "city": "Brooklyn", "zip_code": "11217", "country": "US", "state": "NY", "display_address": ["341 Flatbush Ave", "Brooklyn, NY 11217"]}, "phone": "+17184847724", "display_phone": "(718) 484-7724", "distance": 3596.5092477538456}, {"id": "G5YZ7UcqCEYtezOxEETZjQ", "alias": "gage-and-tollner-brooklyn", "name": "Gage and Tollner", "image_url": "https://s3-media2.fl.yelpcdn.com/bphoto/zWOddSydP9Cbdf55kU_Nig/o.jpg", "is_closed": false, "url": "https://www.yelp.com/biz/gage-and-tollner-brooklyn?adjust_creative=a13dN0CY8XDTpMhWiRdWkw&utm_campaign=yelp_api_v3&utm_medium=api_v3_business_search&utm_source=a13dN0CY8XDTpMhWiRdWkw", "review_count": 37, "categories": [{"alias": "tradamerican", "title": "American (Traditional)"}], "rating": 4.0, "coordinates": {"latitude": 40.691328, "longitude": -73.987861}, "transactions": ["delivery"], "price": "$$$$", "location": {"address1": "372 Fulton St", "address2": "", "address3": null, "city": "Brooklyn", "zip_code": "11201", "country": "US", "state": "NY", "display_address": ["372 Fulton St", "Brooklyn, NY 11201"]}, "phone": "+13476893677", "display_phone": "(347) 689-3677", "distance": 1660.7422590058486}, {"id": "pfmAcS-g6SiNG0KlLvrqnA", "alias": "beauty-and-essex-new-york-2", "name": "Beauty & Essex", "image_url": "https://s3-media3.fl.yelpcdn.com/bphoto/T0KCvQyqHSClgUQhO02slQ/o.jpg", "is_closed": false, "url": "https://www.yelp.com/biz/beauty-and-essex-new-york-2?adjust_creative=a13dN0CY8XDTpMhWiRdWkw&utm_campaign=yelp_api_v3&utm_medium=api_v3_business_search&utm_source=a13dN0CY8XDTpMhWiRdWkw", "review_count": 3551, "categories": [{"alias": "newamerican", "title": "American (New)"}], "rating": 4.0, "coordinates": {"latitude": 40.720434786101286, "longitude": -73.98686057623863}, "transactions": ["pickup", "delivery"], "price": "$$$", "location": {"address1": "146 Essex St", "address2": null, "address3": null, "city": "New York", "zip_code": "10002", "country": "US", "state": "NY", "display_address": ["146 Essex St", "New York, NY 10002"]}, "phone": "+12126140146", "display_phone": "(212) 614-0146", "distance": 1780.637937184024}, {"id": "q11TljTQd33XCWlVoPyRqg", "alias": "the-osprey-brooklyn", "name": "The Osprey", "image_url": "https://s3-media1.fl.yelpcdn.com/bphoto/38J6wCRITFIWiRtWhE_sJw/o.jpg", "is_closed": false, "url": "https://www.yelp.com/biz/the-osprey-brooklyn?adjust_creative=a13dN0CY8XDTpMhWiRdWkw&utm_campaign=yelp_api_v3&utm_medium=api_v3_business_search&utm_source=a13dN0CY8XDTpMhWiRdWkw", "review_count": 242, "categories": [{"alias": "newamerican", "title": "American (New)"}], "rating": 4.0, "coordinates": {"latitude": 40.702241, "longitude": -73.995539}, "transactions": ["delivery"], "price": "$$", "location": {"address1": "60 Furman St", "address2": "", "address3": null, "city": "Brooklyn", "zip_code": "11201", "country": "US", "state": "NY", "display_address": ["60 Furman St", "Brooklyn, NY 11201"]}, "phone": "+13476962505", "display_phone": "(347) 696-2505", "distance": 367.7475436977597}, {"id": "0IwdwNnbro5RLLIlaxyfpQ", "alias": "the-wilson-new-york-2", "name": "The Wilson", "image_url": "https://s3-media1.fl.yelpcdn.com/bphoto/4rn0I4qpKAIqPZAsMrhSew/o.jpg", "is_closed": false, "url": "https://www.yelp.com/biz/the-wilson-new-york-2?adjust_creative=a13dN0CY8XDTpMhWiRdWkw&utm_campaign=yelp_api_v3&utm_medium=api_v3_business_search&utm_source=a13dN0CY8XDTpMhWiRdWkw", "review_count": 222, "categories": [{"alias": "newamerican", "title": "American (New)"}, {"alias": "breakfast_brunch", "title": "Breakfast & Brunch"}, {"alias": "bars", "title": "Bars"}], "rating": 4.5, "coordinates": {"latitude": 40.74587, "longitude": -73.99265}, "transactions": ["pickup", "delivery"], "price": "$$", "location": {"address1": "132 W 27th St", "address2": null, "address3": "", "city": "New York", "zip_code": "10001", "country": "US", "state": "NY", "display_address": ["132 W 27th St", "New York, NY 10001"]}, "phone": "+12125292671", "display_phone": "(212) 529-2671", "distance": 4505.01082447535}], "total": 240, "region": {"center": {"longitude": -73.99429321289062, "latitude": 40.70544486444615}}}