{"businesses": [{"id": "LsITU8KVYMhV_fatv84wWA", "alias": "mighty-quinns-barbeque-new-york", "name": "Mighty Quinn's Barbeque", "image_url": "https://s3-media1.fl.yelpcdn.com/bphoto/YbnwjpyUOd6GfNmkiVb9YQ/o.jpg", "is_closed": false, "url": "https://www.yelp.com/biz/mighty-quinns-barbeque-new-york?adjust_creative=a13dN0CY8XDTpMhWiRdWkw&utm_campaign=yelp_api_v3&utm_medium=api_v3_business_search&utm_source=a13dN0CY8XDTpMhWiRdWkw", "review_count": 1786, "categories": [{"alias": "bbq", "title": "Barbeque"}], "rating": 4.0, "coordinates": {"latitude": 40.727574, "longitude": -73.988623}, "transactions": ["pickup", "delivery"], "price": "$$", "location": {"address1": "103 2nd Ave", "address2": "", "address3": "", "city": "New York", "zip_code": "10003", "country": "US", "state": "NY", "display_address": ["103 2nd Ave", "New York, NY 10003"]}, "phone": "+12126773733", "display_phone": "(212) 677-3733", "distance": 2506.620467612266}, {"id": "Ms3CAGddVbgetiQrpzqxPQ", "alias": "hometown-bar-b-que-brooklyn-3", "name": "Hometown Bar-B-Que", "image_url": "https://s3-media3.fl.yelpcdn.com/bphoto/a5YpbHhE9mHP6CbVCbFaEQ/o.jpg", "is_closed": false, "url": "https://www.yelp.com/biz/hometown-bar-b-que-brooklyn-3?adjust_creative=a13dN0CY8XDTpMhWiRdWkw&utm_campaign=yelp_api_v3&utm_medium=api_v3_business_search&utm_source=a13dN0CY8XDTpMhWiRdWkw", "review_count": 1455, "categories": [{"alias": "bbq", "title": "Barbeque"}, {"alias": "smokehouse", "title": "Smokehouse"}], "rating": 4.0, "coordinates": {"latitude": 40.67486, "longitude": -74.01602}, "transactions": ["pickup", "delivery"], "price": "$$", "location": {"address1": "454 Van Brunt St", "address2": "", "address3": null, "city": "Brooklyn", "zip_code": "11231", "country": "US", "state": "NY", "display_address": ["454 Van Brunt St", "Brooklyn, NY 11231"]}, "phone": "+13472944644", "display_phone": "(347) 294-4644", "distance": 3861.025681815795}, {"id": "s0Klxfd2XRZSrATjzEimBg", "alias": "gan-hoo-bbq-flushing", "name": "GAN-HOO BBQ", "image_url": "https://s3-media1.fl.yelpcdn.com/bphoto/EO414n0hw0t92MYTobZ3cg/o.jpg", "is_closed": false, "url": "https://www.yelp.com/biz/gan-hoo-bbq-flushing?adjust_creative=a13dN0CY8XDTpMhWiRdWkw&utm_campaign=yelp_api_v3&utm_medium=api_v3_business_search&utm_source=a13dN0CY8XDTpMhWiRdWkw", "review_count": 345, "categories": [{"alias": "bbq", "title": "Barbeque"}, {"alias": "chinese", "title": "Chinese"}, {"alias": "asianfusion", "title": "Asian Fusion"}], "rating": 4.5, "coordinates": {"latitude": 40.76128486839699, "longitude": -73.83164884110349}, "transactions": ["pickup", "delivery", "restaurant_reservation"], "price": "$$$", "location": {"address1": "3702 Main St", "address2": "Fl 2", "address3": "", "city": "Flushing", "zip_code": "11354", "country": "US", "state": "NY", "display_address": ["3702 Main St", "Fl 2", "Flushing, NY 11354"]}, "phone": "+19293848888", "display_phone": "(929) 384-8888", "distance": 15045.156012514988}, {"id": "Zzvqc7XcyGVX5bnjGN9IXA", "alias": "pig-beach-brooklyn", "name": "Pig Beach", "image_url": "https://s3-media4.fl.yelpcdn.com/bphoto/r2fGK238enS4JnMGLUpiFg/o.jpg", "is_closed": false, "url": "https://www.yelp.com/biz/pig-beach-brooklyn?adjust_creative=a13dN0CY8XDTpMhWiRdWkw&utm_campaign=yelp_api_v3&utm_medium=api_v3_business_search&utm_source=a13dN0CY8XDTpMhWiRdWkw", "review_count": 638, "categories": [{"alias": "bbq", "title": "Barbeque"}, {"alias": "bars", "title": "Bars"}], "rating": 4.0, "coordinates": {"latitude": 40.6792941479875, "longitude": -73.9880264255794}, "transactions": ["delivery"], "price": "$$", "location": {"address1": "480 Union St", "address2": "", "address3": "", "city": "Brooklyn", "zip_code": "11231", "country": "US", "state": "NY", "display_address": ["480 Union St", "Brooklyn, NY 11231"]}, "phone": "", "display_phone": "", "distance": 2921.451300777394}, {"id": "W_DXM1ZCcM9NTFOR_Jow7w", "alias": "sixth-ward-brooklyn-2", "name": "Sixth Ward", "image_url": "https://s3-media2.fl.yelpcdn.com/bphoto/rlC6e9qoywmQjntQ9iWUuA/o.jpg", "is_closed": false, "url": "https://www.yelp.com/biz/sixth-ward-brooklyn-2?adjust_creative=a13dN0CY8XDTpMhWiRdWkw&utm_campaign=yelp_api_v3&utm_medium=api_v3_business_search&utm_source=a13dN0CY8XDTpMhWiRdWkw", "review_count": 40, "categories": [{"alias": "tradamerican", "title": "American (Traditional)"}, {"alias": "bbq", "title": "Barbeque"}, {"alias": "breakfast_brunch", "title": "Breakfast & Brunch"}], "rating": 4.5, "coordinates": {"latitude": 40.68599, "longitude": -73.9911}, "transactions": ["delivery", "pickup", "restaurant_reservation"], "location": {"address1": "166 Smith St", "address2": null, "address3": "", "city": "Brooklyn", "zip_code": "11201", "country": "US", "state": "NY", "display_address": ["166 Smith St", "Brooklyn, NY 11201"]}, "phone": "+17184513825", "display_phone": "(718) 451-3825", "distance": 2175.2044122200696}, {"id": "nsAU6F2vmdnphmfIa_RuWg", "alias": "mables-smokehouse-and-banquet-hall-brooklyn-6", "name": "Mable's Smokehouse & Banquet Hall", "image_url": "https://s3-media1.fl.yelpcdn.com/bphoto/OS2cqRCWCOioXnpLo-yeHg/o.jpg", "is_closed": false, "url": "https://www.yelp.com/biz/mables-smokehouse-and-banquet-hall-brooklyn-6?adjust_creative=a13dN0CY8XDTpMhWiRdWkw&utm_campaign=yelp_api_v3&utm_medium=api_v3_business_search&utm_source=a13dN0CY8XDTpMhWiRdWkw", "review_count": 910, "categories": [{"alias": "bbq", "title": "Barbeque"}, {"alias": "bars", "title": "Bars"}, {"alias": "tradamerican", "title": "American (Traditional)"}], "rating": 4.0, "coordinates": {"latitude": 40.7211890204726, "longitude": -73.9570004492998}, "transactions": ["pickup", "delivery", "restaurant_reservation"], "price": "$$", "location": {"address1": "44 Berry St", "address2": "", "address3": null, "city": "Brooklyn", "zip_code": "11249", "country": "US", "state": "NY", "display_address": ["44 Berry St", "Brooklyn, NY 11249"]}, "phone": "+17182186655", "display_phone": "(718) 218-6655", "distance": 3597.829928403173}, {"id": "mlGfXoxc8cEss8Yms6VrXg", "alias": "fette-sau-brooklyn", "name": "Fette Sau", "image_url": "https://s3-media2.fl.yelpcdn.com/bphoto/LhLuFryDtHTGDBytD09Kcg/o.jpg", "is_closed": false, "url": "https://www.yelp.com/biz/fette-sau-brooklyn?adjust_creative=a13dN0CY8XDTpMhWiRdWkw&utm_campaign=yelp_api_v3&utm_medium=api_v3_business_search&utm_source=a13dN0CY8XDTpMhWiRdWkw", "review_count": 2270, "categories": [{"alias": "bbq", "title": "Barbeque"}, {"alias": "cocktailbars", "title": "Cocktail Bars"}], "rating": 4.0, "coordinates": {"latitude": 40.714066, "longitude": -73.956327}, "transactions": ["pickup", "delivery"], "price": "$$", "location": {"address1": "354 Metropolitan Ave", "address2": "", "address3": "", "city": "Brooklyn", "zip_code": "11211", "country": "US", "state": "NY", "display_address": ["354 Metropolitan Ave", "Brooklyn, NY 11211"]}, "phone": "+17189633404", "display_phone": "(718) 963-3404", "distance": 3340.604589727266}, {"id": "0ef3Q3RvIqfFzZoOfA2amg", "alias": "dinosaur-bar-b-que-brooklyn", "name": "Dinosaur Bar-B-Que", "image_url": "https://s3-media3.fl.yelpcdn.com/bphoto/Eoedk-eheK_8JBk5h40Yrw/o.jpg", "is_closed": false, "url": "https://www.yelp.com/biz/dinosaur-bar-b-que-brooklyn?adjust_creative=a13dN0CY8XDTpMhWiRdWkw&utm_campaign=yelp_api_v3&utm_medium=api_v3_business_search&utm_source=a13dN0CY8XDTpMhWiRdWkw", "review_count": 1716, "categories": [{"alias": "bbq", "title": "Barbeque"}, {"alias": "tradamerican", "title": "American (Traditional)"}], "rating": 3.5, "coordinates": {"latitude": 40.677636704941584, "longitude": -73.98407231164373}, "transactions": ["pickup", "delivery"], "price": "$$", "location": {"address1": "604 Union St", "address2": "", "address3": "", "city": "Brooklyn", "zip_code": "11215", "country": "US", "state": "NY", "display_address": ["604 Union St", "Brooklyn, NY 11215"]}, "phone": "+13474297030", "display_phone": "(347) 429-7030", "distance": 3209.9556148248853}, {"id": "pok45lXRIUBfvNxqd0-gjA", "alias": "mr-q-bbq-grill-brooklyn-6", "name": "Mr Q BBQ Grill", "image_url": "https://s3-media1.fl.yelpcdn.com/bphoto/mji-fSomsysqOkc3rNqZuQ/o.jpg", "is_closed": false, "url": "https://www.yelp.com/biz/mr-q-bbq-grill-brooklyn-6?adjust_creative=a13dN0CY8XDTpMhWiRdWkw&utm_campaign=yelp_api_v3&utm_medium=api_v3_business_search&utm_source=a13dN0CY8XDTpMhWiRdWkw", "review_count": 39, "categories": [{"alias": "chinese", "title": "Chinese"}, {"alias": "hotdogs", "title": "Fast Food"}, {"alias": "bbq", "title": "Barbeque"}], "rating": 3.0, "coordinates": {"latitude": 40.6375472992659, "longitude": -74.0069793909788}, "transactions": ["pickup", "delivery"], "price": "$", "location": {"address1": "806 56th St", "address2": null, "address3": "", "city": "Brooklyn", "zip_code": "11220", "country": "US", "state": "NY", "display_address": ["806 56th St", "Brooklyn, NY 11220"]}, "phone": "+17188533988", "display_phone": "(718) 853-3988", "distance": 7636.260304117459}, {"id": "XzUW9MvEGOFs9_aNj11j2Q", "alias": "dinosaur-bar-b-que-new-york-4", "name": "Dinosaur Bar-B-Que", "image_url": "https://s3-media1.fl.yelpcdn.com/bphoto/YWMehMtfQu57zztvCNr3jQ/o.jpg", "is_closed": false, "url": "https://www.yelp.com/biz/dinosaur-bar-b-que-new-york-4?adjust_creative=a13dN0CY8XDTpMhWiRdWkw&utm_campaign=yelp_api_v3&utm_medium=api_v3_business_search&utm_source=a13dN0CY8XDTpMhWiRdWkw", "review_count": 3154, "categories": [{"alias": "bbq", "title": "Barbeque"}, {"alias": "musicvenues", "title": "Music Venues"}], "rating": 4.0, "coordinates": {"latitude": 40.818098338924, "longitude": -73.9608729269837}, "transactions": ["pickup", "delivery"], "price": "$$", "location": {"address1": "700 W 125th St", "address2": "", "address3": "", "city": "New York", "zip_code": "10027", "country": "US", "state": "NY", "display_address": ["700 W 125th St", "New York, NY 10027"]}, "phone": "+12126941777", "display_phone": "(212) 694-1777", "distance": 12838.826047989593}, {"id": "nkfUKb7oWQt54Uz9VQLhUg", "alias": "butcher-bar-astoria-2", "name": "Butcher Bar", "image_url": "https://s3-media2.fl.yelpcdn.com/bphoto/_d3uhCZO0h_5WedVHJhv1A/o.jpg", "is_closed": false, "url": "https://www.yelp.com/biz/butcher-bar-astoria-2?adjust_creative=a13dN0CY8XDTpMhWiRdWkw&utm_campaign=yelp_api_v3&utm_medium=api_v3_business_search&utm_source=a13dN0CY8XDTpMhWiRdWkw", "review_count": 2137, "categories": [{"alias": "bbq", "title": "Barbeque"}, {"alias": "burgers", "title": "Burgers"}], "rating": 4.0, "coordinates": {"latitude": 40.76431, "longitude": -73.9164}, "transactions": ["pickup", "delivery"], "price": "$$", "location": {"address1": "37-10 30th Ave", "address2": "", "address3": "", "city": "Astoria", "zip_code": "11103", "country": "US", "state": "NY", "display_address": ["37-10 30th Ave", "Astoria, NY 11103"]}, "phone": "+17186068140", "display_phone": "(718) 606-8140", "distance": 9270.719872124859}, {"id": "fSrNR5LTGNZ0prZWGivLrA", "alias": "funny-bbq-brooklyn-3", "name": "Funny BBQ", "image_url": "https://s3-media3.fl.yelpcdn.com/bphoto/Rhhtmf5iZDh5iUJvPpehNQ/o.jpg", "is_closed": false, "url": "https://www.yelp.com/biz/funny-bbq-brooklyn-3?adjust_creative=a13dN0CY8XDTpMhWiRdWkw&utm_campaign=yelp_api_v3&utm_medium=api_v3_business_search&utm_source=a13dN0CY8XDTpMhWiRdWkw", "review_count": 37, "categories": [{"alias": "bbq", "title": "Barbeque"}, {"alias": "chinese", "title": "Chinese"}], "rating": 2.0, "coordinates": {"latitude": 40.638416, "longitude": -74.005737}, "transactions": ["pickup", "delivery"], "price": "$$", "location": {"address1": "818 54th St", "address2": "", "address3": "", "city": "Brooklyn", "zip_code": "11220", "country": "US", "state": "NY", "display_address": ["818 54th St", "Brooklyn, NY 11220"]}, "phone": "+17186336868", "display_phone": "(718) 633-6868", "distance": 7515.4887029096535}, {"id": "zEIt0xaPM9DIS-pc118O6A", "alias": "hometown-hotpot-and-bbq-new-york-2", "name": "Hometown Hotpot & BBQ", "image_url": "https://s3-media2.fl.yelpcdn.com/bphoto/B7p-cZUcJasqgM36BVes-w/o.jpg", "is_closed": false, "url": "https://www.yelp.com/biz/hometown-hotpot-and-bbq-new-york-2?adjust_creative=a13dN0CY8XDTpMhWiRdWkw&utm_campaign=yelp_api_v3&utm_medium=api_v3_business_search&utm_source=a13dN0CY8XDTpMhWiRdWkw", "review_count": 1317, "categories": [{"alias": "hotpot", "title": "Hot Pot"}, {"alias": "bbq", "title": "Barbeque"}], "rating": 4.0, "coordinates": {"latitude": 40.71931, "longitude": -73.99689}, "transactions": ["delivery"], "price": "$$$", "location": {"address1": "194 Grand St", "address2": "", "address3": "", "city": "New York", "zip_code": "10013", "country": "US", "state": "NY", "display_address": ["194 Grand St", "New York, NY 10013"]}, "phone": "+12122198833", "display_phone": "(212) 219-8833", "distance": 1559.1780943715246}, {"id": "FZpm4_fbd6P984foOUejWg", "alias": "jongro-bbq-new-york-3", "name": "Jongro BBQ", "image_url": "https://s3-media2.fl.yelpcdn.com/bphoto/G0IeLwvmss-QsBu1ZWEIfg/o.jpg", "is_closed": false, "url": "https://www.yelp.com/biz/jongro-bbq-new-york-3?adjust_creative=a13dN0CY8XDTpMhWiRdWkw&utm_campaign=yelp_api_v3&utm_medium=api_v3_business_search&utm_source=a13dN0CY8XDTpMhWiRdWkw", "review_count": 2132, "categories": [{"alias": "korean", "title": "Korean"}, {"alias": "bbq", "title": "Barbeque"}, {"alias": "beerbar", "title": "Beer Bar"}], "rating": 4.0, "coordinates": {"latitude": 40.747514, "longitude": -73.986884}, "transactions": ["delivery", "pickup"], "price": "$$", "location": {"address1": "22 W 32nd St", "address2": "Fl 2", "address3": "", "city": "New York", "zip_code": "10001", "country": "US", "state": "NY", "display_address": ["22 W 32nd St", "Fl 2", "New York, NY 10001"]}, "phone": "+12124732233", "display_phone": "(212) 473-2233", "distance": 4719.351335074731}, {"id": "k8vE6g59i4JrAmXd6K1g5w", "alias": "friendship-foods-bbq-flushing", "name": "Friendship Foods BBQ", "image_url": "https://s3-media4.fl.yelpcdn.com/bphoto/HigGxoO2tGqtFEsgeN2bnQ/o.jpg", "is_closed": false, "url": "https://www.yelp.com/biz/friendship-foods-bbq-flushing?adjust_creative=a13dN0CY8XDTpMhWiRdWkw&utm_campaign=yelp_api_v3&utm_medium=api_v3_business_search&utm_source=a13dN0CY8XDTpMhWiRdWkw", "review_count": 303, "categories": [{"alias": "bbq", "title": "Barbeque"}, {"alias": "hotpot", "title": "Hot Pot"}], "rating": 4.0, "coordinates": {"latitude": 40.76071, "longitude": -73.82759}, "transactions": ["pickup", "delivery"], "price": "$$", "location": {"address1": "136-76 39th Ave", "address2": "Lower floor", "address3": null, "city": "Flushing", "zip_code": "11354", "country": "US", "state": "NY", "display_address": ["136-76 39th Ave", "Lower floor", "Flushing, NY 11354"]}, "phone": "+19175637856", "display_phone": "(917) 563-7856", "distance": 15327.827175302906}, {"id": "xVduej7-JiPrZzsFXIkIDw", "alias": "lazy-sius-brooklyn", "name": "Lazy Siu's", "image_url": "https://s3-media1.fl.yelpcdn.com/bphoto/0s0ZcA2sk__SsM_xNhwHbg/o.jpg", "is_closed": false, "url": "https://www.yelp.com/biz/lazy-sius-brooklyn?adjust_creative=a13dN0CY8XDTpMhWiRdWkw&utm_campaign=yelp_api_v3&utm_medium=api_v3_business_search&utm_source=a13dN0CY8XDTpMhWiRdWkw", "review_count": 45, "categories": [{"alias": "chinese", "title": "Chinese"}, {"alias": "bbq", "title": "Barbeque"}], "rating": 5.0, "coordinates": {"latitude": 40.71261, "longitude": -73.96077}, "transactions": ["pickup", "delivery"], "location": {"address1": "742 Driggs Ave", "address2": "", "address3": null, "city": "Brooklyn", "zip_code": "11211", "country": "US", "state": "NY", "display_address": ["742 Driggs Ave", "Brooklyn, NY 11211"]}, "phone": "+19293376352", "display_phone": "(929) 337-6352", "distance": 2933.585593999067}, {"id": "fLK6fbu2H7pPQhxr-T96UQ", "alias": "titos-bbq-station-new-york", "name": "Tito's Bbq Station", "image_url": "https://s3-media2.fl.yelpcdn.com/bphoto/citJPzI65WESu3155mF_IQ/o.jpg", "is_closed": false, "url": "https://www.yelp.com/biz/titos-bbq-station-new-york?adjust_creative=a13dN0CY8XDTpMhWiRdWkw&utm_campaign=yelp_api_v3&utm_medium=api_v3_business_search&utm_source=a13dN0CY8XDTpMhWiRdWkw", "review_count": 26, "categories": [{"alias": "bbq", "title": "Barbeque"}], "rating": 4.5, "coordinates": {"latitude": 40.8092643, "longitude": -73.944042}, "transactions": ["pickup", "delivery"], "location": {"address1": "348 Lenox Ave", "address2": null, "address3": "", "city": "New York", "zip_code": "10027", "country": "US", "state": "NY", "display_address": ["348 Lenox Ave", "New York, NY 10027"]}, "phone": "+19294294663", "display_phone": "(929) 429-4663", "distance": 12295.635821128644}, {"id": "x9ADy3a--S_6Oqn_1KLipA", "alias": "kang-ho-dong-baekjeong-new-york", "name": "Kang Ho Dong Baekjeong", "image_url": "https://s3-media2.fl.yelpcdn.com/bphoto/CF9LFMeGsKeQra6Z9ZftfQ/o.jpg", "is_closed": false, "url": "https://www.yelp.com/biz/kang-ho-dong-baekjeong-new-york?adjust_creative=a13dN0CY8XDTpMhWiRdWkw&utm_campaign=yelp_api_v3&utm_medium=api_v3_business_search&utm_source=a13dN0CY8XDTpMhWiRdWkw", "review_count": 1353, "categories": [{"alias": "korean", "title": "Korean"}, {"alias": "bbq", "title": "Barbeque"}], "rating": 4.0, "coordinates": {"latitude": 40.747173576622, "longitude": -73.9852144232788}, "transactions": ["delivery", "pickup"], "price": "$$$", "location": {"address1": "1 E 32nd St", "address2": "", "address3": "", "city": "New York", "zip_code": "10016", "country": "US", "state": "NY", "display_address": ["1 E 32nd St", "New York, NY 10016"]}, "phone": "+12129669839", "display_phone": "(212) 966-9839", "distance": 4702.663263992757}, {"id": "W8flNX3SneJlQBQt7C9Q9w", "alias": "northern-bell-brooklyn", "name": "Northern Bell", "image_url": "https://s3-media2.fl.yelpcdn.com/bphoto/6Uiv8eAoExSSBnoo0WTalA/o.jpg", "is_closed": false, "url": "https://www.yelp.com/biz/northern-bell-brooklyn?adjust_creative=a13dN0CY8XDTpMhWiRdWkw&utm_campaign=yelp_api_v3&utm_medium=api_v3_business_search&utm_source=a13dN0CY8XDTpMhWiRdWkw", "review_count": 296, "categories": [{"alias": "bbq", "title": "Barbeque"}, {"alias": "beerbar", "title": "Beer Bar"}, {"alias": "sandwiches", "title": "Sandwiches"}], "rating": 4.0, "coordinates": {"latitude": 40.71389, "longitude": -73.94855}, "transactions": ["pickup", "delivery"], "price": "$$", "location": {"address1": "612 Metropolitan Ave", "address2": null, "address3": null, "city": "Brooklyn", "zip_code": "11211", "country": "US", "state": "NY", "display_address": ["612 Metropolitan Ave", "Brooklyn, NY 11211"]}, "phone": "+17183889040", "display_phone": "(718) 388-9040", "distance": 3966.734366728989}, {"id": "zrH2LbIGJ5RsixMmHFnl2Q", "alias": "john-brown-bbq-queens-2", "name": "John Brown BBQ", "image_url": "https://s3-media3.fl.yelpcdn.com/bphoto/8URprV8O8eTZ6TdQeup35g/o.jpg", "is_closed": false, "url": "https://www.yelp.com/biz/john-brown-bbq-queens-2?adjust_creative=a13dN0CY8XDTpMhWiRdWkw&utm_campaign=yelp_api_v3&utm_medium=api_v3_business_search&utm_source=a13dN0CY8XDTpMhWiRdWkw", "review_count": 51, "categories": [{"alias": "bbq", "title": "Barbeque"}], "rating": 4.0, "coordinates": {"latitude": 40.75263, "longitude": -73.93676}, "transactions": ["delivery"], "price": "$$", "location": {"address1": "27-20 40th Ave", "address2": "", "address3": null, "city": "Queens", "zip_code": "11101", "country": "US", "state": "NY", "display_address": ["27-20 40th Ave", "Queens, NY 11101"]}, "phone": "+13476171120", "display_phone": "(347) 617-1120", "distance": 7143.605716653478}, {"id": "vB2JQHfnLJw9nEh66MgE2g", "alias": "friendship-bbq-brooklyn", "name": "Friendship BBQ", "image_url": "https://s3-media4.fl.yelpcdn.com/bphoto/jH34Zdc9klLiR7ziWS_-5g/o.jpg", "is_closed": false, "url": "https://www.yelp.com/biz/friendship-bbq-brooklyn?adjust_creative=a13dN0CY8XDTpMhWiRdWkw&utm_campaign=yelp_api_v3&utm_medium=api_v3_business_search&utm_source=a13dN0CY8XDTpMhWiRdWkw", "review_count": 3, "categories": [{"alias": "bbq", "title": "Barbeque"}, {"alias": "chinese", "title": "Chinese"}], "rating": 3.5, "coordinates": {"latitude": 40.641715, "longitude": -74.003941}, "transactions": ["pickup", "delivery"], "location": {"address1": "775 50th St", "address2": "", "address3": null, "city": "Brooklyn", "zip_code": "11220", "country": "US", "state": "NY", "display_address": ["775 50th St", "Brooklyn, NY 11220"]}, "phone": "+17184381963", "display_phone": "(718) 438-1963", "distance": 7132.986119979517}, {"id": "EKkHfSYTm266-ZBve3SdgA", "alias": "yoon-haeundae-galbi-new-york-2", "name": "Yoon Haeundae Galbi", "image_url": "https://s3-media1.fl.yelpcdn.com/bphoto/M9i5rqze0t9rfRosu_-gKQ/o.jpg", "is_closed": false, "url": "https://www.yelp.com/biz/yoon-haeundae-galbi-new-york-2?adjust_creative=a13dN0CY8XDTpMhWiRdWkw&utm_campaign=yelp_api_v3&utm_medium=api_v3_business_search&utm_source=a13dN0CY8XDTpMhWiRdWkw", "review_count": 527, "categories": [{"alias": "korean", "title": "Korean"}, {"alias": "bbq", "title": "Barbeque"}, {"alias": "steak", "title": "Steakhouses"}], "rating": 4.5, "coordinates": {"latitude": 40.74996750318778, "longitude": -73.98443095513923}, "transactions": ["delivery", "pickup", "restaurant_reservation"], "price": "$$$", "location": {"address1": "8 W 36th St", "address2": "", "address3": null, "city": "New York", "zip_code": "10018", "country": "US", "state": "NY", "display_address": ["8 W 36th St", "New York, NY 10018"]}, "phone": "+12126918078", "display_phone": "(212) 691-8078", "distance": 5019.953551619518}, {"id": "Brs_MJhAXe60iMnlpeqkKA", "alias": "yakiniku-west-new-york", "name": "Yakiniku West", "image_url": "https://s3-media1.fl.yelpcdn.com/bphoto/1AsTl9luGyz1nhsGnujivw/o.jpg", "is_closed": false, "url": "https://www.yelp.com/biz/yakiniku-west-new-york?adjust_creative=a13dN0CY8XDTpMhWiRdWkw&utm_campaign=yelp_api_v3&utm_medium=api_v3_business_search&utm_source=a13dN0CY8XDTpMhWiRdWkw", "review_count": 705, "categories": [{"alias": "japanese", "title": "Japanese"}, {"alias": "bbq", "title": "Barbeque"}], "rating": 4.0, "coordinates": {"latitude": 40.72965099486931, "longitude": -73.98853995116153}, "transactions": ["pickup", "delivery"], "price": "$$", "location": {"address1": "218 E 9th St", "address2": "", "address3": "", "city": "New York", "zip_code": "10003", "country": "US", "state": "NY", "display_address": ["218 E 9th St", "New York, NY 10003"]}, "phone": "+16465968027", "display_phone": "(646) 596-8027", "distance": 2734.9210051199757}, {"id": "t_UObgQX6M_ZRn3tk2cXYQ", "alias": "lets-meat-new-york", "name": "Let's Meat", "image_url": "https://s3-media2.fl.yelpcdn.com/bphoto/_uuM4nLAurZUgK9XBO1H2w/o.jpg", "is_closed": false, "url": "https://www.yelp.com/biz/lets-meat-new-york?adjust_creative=a13dN0CY8XDTpMhWiRdWkw&utm_campaign=yelp_api_v3&utm_medium=api_v3_business_search&utm_source=a13dN0CY8XDTpMhWiRdWkw", "review_count": 1325, "categories": [{"alias": "korean", "title": "Korean"}, {"alias": "bbq", "title": "Barbeque"}, {"alias": "buffets", "title": "Buffets"}], "rating": 4.0, "coordinates": {"latitude": 40.746774, "longitude": -73.985524}, "transactions": ["delivery", "pickup", "restaurant_reservation"], "price": "$$$", "location": {"address1": "307 5th Ave", "address2": null, "address3": "", "city": "New York", "zip_code": "10016", "country": "US", "state": "NY", "display_address": ["307 5th Ave", "New York, NY 10016"]}, "phone": "+12128890089", "display_phone": "(212) 889-0089", "distance": 4654.617524485395}, {"id": "bEX6x37jrTRsb86drt8IDA", "alias": "hometown-bar-b-que-brooklyn-4", "name": "Hometown Bar-B-Que", "image_url": "https://s3-media4.fl.yelpcdn.com/bphoto/6QMSl-w1hxTIvKDLnPmZ9Q/o.jpg", "is_closed": false, "url": "https://www.yelp.com/biz/hometown-bar-b-que-brooklyn-4?adjust_creative=a13dN0CY8XDTpMhWiRdWkw&utm_campaign=yelp_api_v3&utm_medium=api_v3_business_search&utm_source=a13dN0CY8XDTpMhWiRdWkw", "review_count": 54, "categories": [{"alias": "bbq", "title": "Barbeque"}, {"alias": "tacos", "title": "Tacos"}, {"alias": "sandwiches", "title": "Sandwiches"}], "rating": 4.0, "coordinates": {"latitude": 40.65649, "longitude": -74.0062705}, "transactions": ["pickup", "delivery"], "price": "$$", "location": {"address1": "87 35th St", "address2": "", "address3": null, "city": "Brooklyn", "zip_code": "11232", "country": "US", "state": "NY", "display_address": ["87 35th St", "Brooklyn, NY 11232"]}, "phone": "+17185763556", "display_phone": "(718) 576-3556", "distance": 5537.790244595107}, {"id": "_VWpp7qBwJTAEwc4U2QX8Q", "alias": "funny-bbq-new-york-2", "name": "Funny BBQ", "image_url": "https://s3-media2.fl.yelpcdn.com/bphoto/4MmlSKq1JAPqedzMNb4vPQ/o.jpg", "is_closed": false, "url": "https://www.yelp.com/biz/funny-bbq-new-york-2?adjust_creative=a13dN0CY8XDTpMhWiRdWkw&utm_campaign=yelp_api_v3&utm_medium=api_v3_business_search&utm_source=a13dN0CY8XDTpMhWiRdWkw", "review_count": 215, "categories": [{"alias": "hotpot", "title": "Hot Pot"}, {"alias": "bbq", "title": "Barbeque"}, {"alias": "noodles", "title": "Noodles"}], "rating": 3.0, "coordinates": {"latitude": 40.71773, "longitude": -73.99554}, "transactions": ["delivery", "pickup"], "price": "$$", "location": {"address1": "98 Bowery", "address2": "", "address3": "", "city": "New York", "zip_code": "10013", "country": "US", "state": "NY", "display_address": ["98 Bowery", "New York, NY 10013"]}, "phone": "+12129650076", "display_phone": "(212) 965-0076", "distance": 1372.5806673880359}, {"id": "ldEnlFvW6Rqqoryh6hdDpQ", "alias": "friendship-food-new-york", "name": "Friendship Food", "image_url": "https://s3-media3.fl.yelpcdn.com/bphoto/qYtkafgj5sWBccPGQQcpyw/o.jpg", "is_closed": false, "url": "https://www.yelp.com/biz/friendship-food-new-york?adjust_creative=a13dN0CY8XDTpMhWiRdWkw&utm_campaign=yelp_api_v3&utm_medium=api_v3_business_search&utm_source=a13dN0CY8XDTpMhWiRdWkw", "review_count": 22, "categories": [{"alias": "bbq", "title": "Barbeque"}, {"alias": "chinese", "title": "Chinese"}], "rating": 3.5, "coordinates": {"latitude": 40.7175013525047, "longitude": -73.995192164058}, "transactions": ["pickup", "delivery"], "location": {"address1": "103 Bowery", "address2": "", "address3": null, "city": "New York", "zip_code": "10002", "country": "US", "state": "NY", "display_address": ["103 Bowery", "New York, NY 10002"]}, "phone": "+12127758998", "display_phone": "(212) 775-8998", "distance": 1342.758268525651}, {"id": "AAPJkyU0Y7Aci0RZBdJONg", "alias": "shokunin-bbq-brooklyn-2", "name": "Shokunin BBQ", "image_url": "https://s3-media4.fl.yelpcdn.com/bphoto/KQpow_8fsy6UncAD9uT9TA/o.jpg", "is_closed": false, "url": "https://www.yelp.com/biz/shokunin-bbq-brooklyn-2?adjust_creative=a13dN0CY8XDTpMhWiRdWkw&utm_campaign=yelp_api_v3&utm_medium=api_v3_business_search&utm_source=a13dN0CY8XDTpMhWiRdWkw", "review_count": 301, "categories": [{"alias": "japanese", "title": "Japanese"}, {"alias": "sushi", "title": "Sushi Bars"}, {"alias": "bbq", "title": "Barbeque"}], "rating": 3.5, "coordinates": {"latitude": 40.6332876204455, "longitude": -74.0062164404754}, "transactions": ["delivery"], "price": "$$$", "location": {"address1": "952 60th St", "address2": null, "address3": null, "city": "Brooklyn", "zip_code": "11219", "country": "US", "state": "NY", "display_address": ["952 60th St", "Brooklyn, NY 11219"]}, "phone": "+17188517888", "display_phone": "(718) 851-7888", "distance": 8086.281417047183}, {"id": "KEBKGGGkDhnuYdKrjzZblw", "alias": "samwon-garden-korean-bbq-new-york-2", "name": "Samwon Garden Korean BBQ", "image_url": "https://s3-media3.fl.yelpcdn.com/bphoto/lSu7UdF32e-TVRDb8op83Q/o.jpg", "is_closed": false, "url": "https://www.yelp.com/biz/samwon-garden-korean-bbq-new-york-2?adjust_creative=a13dN0CY8XDTpMhWiRdWkw&utm_campaign=yelp_api_v3&utm_medium=api_v3_business_search&utm_source=a13dN0CY8XDTpMhWiRdWkw", "review_count": 679, "categories": [{"alias": "korean", "title": "Korean"}, {"alias": "bbq", "title": "Barbeque"}], "rating": 4.5, "coordinates": {"latitude": 40.74811, "longitude": -73.9872}, "transactions": ["delivery", "restaurant_reservation"], "price": "$$$", "location": {"address1": "37 W 32nd St", "address2": null, "address3": "", "city": "New York", "zip_code": "10001", "country": "US", "state": "NY", "display_address": ["37 W 32nd St", "New York, NY 10001"]}, "phone": "+12126953131", "display_phone": "(212) 695-3131", "distance": 4781.572864242262}, {"id": "B-mq9Z3m4icTcBFjYh662A", "alias": "mr-qs-gourmet-brooklyn", "name": "Mr Q's Gourmet", "image_url": "https://s3-media1.fl.yelpcdn.com/bphoto/mvsVdbMlSEbwJVq7bep-uw/o.jpg", "is_closed": false, "url": "https://www.yelp.com/biz/mr-qs-gourmet-brooklyn?adjust_creative=a13dN0CY8XDTpMhWiRdWkw&utm_campaign=yelp_api_v3&utm_medium=api_v3_business_search&utm_source=a13dN0CY8XDTpMhWiRdWkw", "review_count": 35, "categories": [{"alias": "chinese", "title": "Chinese"}, {"alias": "bbq", "title": "Barbeque"}], "rating": 3.5, "coordinates": {"latitude": 40.6361361303818, "longitude": -74.009482562542}, "transactions": ["delivery"], "price": "$", "location": {"address1": "5824 8th Ave", "address2": "", "address3": "", "city": "Brooklyn", "zip_code": "11220", "country": "US", "state": "NY", "display_address": ["5824 8th Ave", "Brooklyn, NY 11220"]}, "phone": "+17185678882", "display_phone": "(718) 567-8882", "distance": 7812.5132888978005}, {"id": "wbOeQWie2YoRWuNkiI5BmA", "alias": "mighty-quinns-barbeque-new-york-5", "name": "Mighty Quinn's Barbeque", "image_url": "https://s3-media4.fl.yelpcdn.com/bphoto/uq89hzzWE1_rROy0onYWbg/o.jpg", "is_closed": false, "url": "https://www.yelp.com/biz/mighty-quinns-barbeque-new-york-5?adjust_creative=a13dN0CY8XDTpMhWiRdWkw&utm_campaign=yelp_api_v3&utm_medium=api_v3_business_search&utm_source=a13dN0CY8XDTpMhWiRdWkw", "review_count": 432, "categories": [{"alias": "bbq", "title": "Barbeque"}], "rating": 3.5, "coordinates": {"latitude": 40.7366742117697, "longitude": -74.0013010473027}, "transactions": ["pickup", "delivery"], "price": "$$", "location": {"address1": "75 Greenwich Ave", "address2": "", "address3": "", "city": "New York", "zip_code": "10014", "country": "US", "state": "NY", "display_address": ["75 Greenwich Ave", "New York, NY 10014"]}, "phone": "+16465247889", "display_phone": "(646) 524-7889", "distance": 3522.403165694415}, {"id": "Jx3xWeqYnyWOIhSlAlggTA", "alias": "yakiniku-toraji-new-york", "name": "Yakiniku Toraji", "image_url": "https://s3-media1.fl.yelpcdn.com/bphoto/xySj8IfeSjyx-gtPVTbLPA/o.jpg", "is_closed": false, "url": "https://www.yelp.com/biz/yakiniku-toraji-new-york?adjust_creative=a13dN0CY8XDTpMhWiRdWkw&utm_campaign=yelp_api_v3&utm_medium=api_v3_business_search&utm_source=a13dN0CY8XDTpMhWiRdWkw", "review_count": 2, "categories": [{"alias": "bbq", "title": "Barbeque"}], "rating": 5.0, "coordinates": {"latitude": 40.75105, "longitude": -73.97278}, "transactions": [], "location": {"address1": "217 E 43rd St", "address2": "Ste 1f", "address3": "", "city": "New York", "zip_code": "10017", "country": "US", "state": "NY", "display_address": ["217 E 43rd St", "Ste 1f", "New York, NY 10017"]}, "phone": "+19294172629", "display_phone": "(929) 417-2629", "distance": 5425.3716882761055}, {"id": "NlsxuhV6CUONOyI7xk7-mw", "alias": "hill-country-barbecue-market-new-york", "name": "Hill Country Barbecue Market", "image_url": "https://s3-media2.fl.yelpcdn.com/bphoto/mjHUf6zqciWfxX6qmM1cBQ/o.jpg", "is_closed": false, "url": "https://www.yelp.com/biz/hill-country-barbecue-market-new-york?adjust_creative=a13dN0CY8XDTpMhWiRdWkw&utm_campaign=yelp_api_v3&utm_medium=api_v3_business_search&utm_source=a13dN0CY8XDTpMhWiRdWkw", "review_count": 2192, "categories": [{"alias": "bbq", "title": "Barbeque"}, {"alias": "southern", "title": "Southern"}, {"alias": "bars", "title": "Bars"}], "rating": 3.5, "coordinates": {"latitude": 40.74428, "longitude": -73.99041}, "transactions": ["pickup", "delivery"], "price": "$$", "location": {"address1": "30 W 26th St", "address2": "", "address3": "", "city": "New York", "zip_code": "10010", "country": "US", "state": "NY", "display_address": ["30 W 26th St", "New York, NY 10010"]}, "phone": "+12122554544", "display_phone": "(212) 255-4544", "distance": 4316.382583373882}, {"id": "Fyzulvq2QNhoaPnNfGvGGQ", "alias": "juicy-lucy-bbq-staten-island", "name": "Juicy Lucy BBQ", "image_url": "https://s3-media2.fl.yelpcdn.com/bphoto/QRnnkzZPTIaE6SlwB5qcZw/o.jpg", "is_closed": false, "url": "https://www.yelp.com/biz/juicy-lucy-bbq-staten-island?adjust_creative=a13dN0CY8XDTpMhWiRdWkw&utm_campaign=yelp_api_v3&utm_medium=api_v3_business_search&utm_source=a13dN0CY8XDTpMhWiRdWkw", "review_count": 246, "categories": [{"alias": "bbq", "title": "Barbeque"}, {"alias": "burgers", "title": "Burgers"}, {"alias": "sandwiches", "title": "Sandwiches"}], "rating": 3.5, "coordinates": {"latitude": 40.57611, "longitude": -74.08281}, "transactions": ["pickup", "delivery"], "price": "$$", "location": {"address1": "809 Father Capodanno Blvd", "address2": "", "address3": null, "city": "Staten Island", "zip_code": "10305", "country": "US", "state": "NY", "display_address": ["809 Father Capodanno Blvd", "Staten Island, NY 10305"]}, "phone": "+17189791888", "display_phone": "(718) 979-1888", "distance": 16201.849689541315}, {"id": "ettNH3FWzwaHCBMSFuy5tA", "alias": "rib-no-7-new-york", "name": "Rib No 7", "image_url": "https://s3-media2.fl.yelpcdn.com/bphoto/rlSEm-kTcuY6YSPoLrGbrg/o.jpg", "is_closed": false, "url": "https://www.yelp.com/biz/rib-no-7-new-york?adjust_creative=a13dN0CY8XDTpMhWiRdWkw&utm_campaign=yelp_api_v3&utm_medium=api_v3_business_search&utm_source=a13dN0CY8XDTpMhWiRdWkw", "review_count": 98, "categories": [{"alias": "korean", "title": "Korean"}, {"alias": "bbq", "title": "Barbeque"}], "rating": 4.5, "coordinates": {"latitude": 40.74834, "longitude": -73.98681}, "transactions": [], "price": "$$$", "location": {"address1": "32 W 33rd St", "address2": null, "address3": "", "city": "New York", "zip_code": "10001", "country": "US", "state": "NY", "display_address": ["32 W 33rd St", "New York, NY 10001"]}, "phone": "+12123810802", "display_phone": "(212) 381-0802", "distance": 4819.41527835238}, {"id": "sfsjk1h50ooC2ioY7m48gw", "alias": "pig-heaven-new-york-3", "name": "Pig Heaven", "image_url": "https://s3-media2.fl.yelpcdn.com/bphoto/YzHJPPxM5m6qp_vwfrC6SA/o.jpg", "is_closed": false, "url": "https://www.yelp.com/biz/pig-heaven-new-york-3?adjust_creative=a13dN0CY8XDTpMhWiRdWkw&utm_campaign=yelp_api_v3&utm_medium=api_v3_business_search&utm_source=a13dN0CY8XDTpMhWiRdWkw", "review_count": 429, "categories": [{"alias": "bbq", "title": "Barbeque"}, {"alias": "szechuan", "title": "Szechuan"}, {"alias": "dimsum", "title": "Dim Sum"}], "rating": 4.0, "coordinates": {"latitude": 40.77544, "longitude": -73.95686}, "transactions": ["delivery", "pickup"], "price": "$$", "location": {"address1": "1420 3rd Ave", "address2": "", "address3": "", "city": "New York", "zip_code": "10028", "country": "US", "state": "NY", "display_address": ["1420 3rd Ave", "New York, NY 10028"]}, "phone": "+12127444333", "display_phone": "(212) 744-4333", "distance": 8399.490329439157}, {"id": "P6O2I3PbON26-P9Jhb7Q1A", "alias": "young-xinjiang-bbq-cart-new-york", "name": "Young Xinjiang BBQ Cart", "image_url": "https://s3-media1.fl.yelpcdn.com/bphoto/yw-vVDQxlOXijKzs3ELJhg/o.jpg", "is_closed": false, "url": "https://www.yelp.com/biz/young-xinjiang-bbq-cart-new-york?adjust_creative=a13dN0CY8XDTpMhWiRdWkw&utm_campaign=yelp_api_v3&utm_medium=api_v3_business_search&utm_source=a13dN0CY8XDTpMhWiRdWkw", "review_count": 38, "categories": [{"alias": "bbq", "title": "Barbeque"}, {"alias": "chinese", "title": "Chinese"}, {"alias": "foodstands", "title": "Food Stands"}], "rating": 4.5, "coordinates": {"latitude": 40.7142696738464, "longitude": -73.9941427168956}, "transactions": [], "price": "$", "location": {"address1": "Forsyth St & Division St", "address2": "", "address3": "", "city": "New York", "zip_code": "10002", "country": "US", "state": "NY", "display_address": ["Forsyth St & Division St", "New York, NY 10002"]}, "phone": "", "display_phone": "", "distance": 982.5859635261089}, {"id": "1M87aOeBnfmFdEfpHpoUfA", "alias": "franks-bar-b-que-anchorage", "name": "Frank's BAR-B-QUE", "image_url": "https://s3-media2.fl.yelpcdn.com/bphoto/6p3sXm8XVgRclvErEZesdA/o.jpg", "is_closed": false, "url": "https://www.yelp.com/biz/franks-bar-b-que-anchorage?adjust_creative=a13dN0CY8XDTpMhWiRdWkw&utm_campaign=yelp_api_v3&utm_medium=api_v3_business_search&utm_source=a13dN0CY8XDTpMhWiRdWkw", "review_count": 9, "categories": [{"alias": "bbq", "title": "Barbeque"}], "rating": 5.0, "coordinates": {"latitude": 40.759061699561514, "longitude": -73.93507130224232}, "transactions": ["pickup", "delivery"], "location": {"address1": "1300 36th Ave", "address2": null, "address3": "", "city": "Anchorage", "zip_code": "99503", "country": "US", "state": "AK", "display_address": ["1300 36th Ave", "Anchorage, AK 99503"]}, "phone": "+19079175511", "display_phone": "(907) 917-5511", "distance": 7774.622089065443}, {"id": "58PiUR8qffSS9qJl_dj6tg", "alias": "route-66-smokehouse-new-york", "name": "Route 66 Smokehouse", "image_url": "https://s3-media1.fl.yelpcdn.com/bphoto/VJA8C86sheD7WxuLcK37Bg/o.jpg", "is_closed": false, "url": "https://www.yelp.com/biz/route-66-smokehouse-new-york?adjust_creative=a13dN0CY8XDTpMhWiRdWkw&utm_campaign=yelp_api_v3&utm_medium=api_v3_business_search&utm_source=a13dN0CY8XDTpMhWiRdWkw", "review_count": 308, "categories": [{"alias": "bbq", "title": "Barbeque"}, {"alias": "smokehouse", "title": "Smokehouse"}], "rating": 3.0, "coordinates": {"latitude": 40.7043069274978, "longitude": -74.0104401157802}, "transactions": ["pickup", "delivery"], "price": "$$", "location": {"address1": "46 Stone St", "address2": "", "address3": "", "city": "New York", "zip_code": "10004", "country": "US", "state": "NY", "display_address": ["46 Stone St", "New York, NY 10004"]}, "phone": "+12129431602", "display_phone": "(212) 943-1602", "distance": 1366.9627686588185}, {"id": "M9ocxj9j91I1Av32UKSeYA", "alias": "yakiniku-tohbay-new-york", "name": "Yakiniku Tohbay", "image_url": "https://s3-media1.fl.yelpcdn.com/bphoto/wN8f4WwjTQC8kBAuugg8OA/o.jpg", "is_closed": false, "url": "https://www.yelp.com/biz/yakiniku-tohbay-new-york?adjust_creative=a13dN0CY8XDTpMhWiRdWkw&utm_campaign=yelp_api_v3&utm_medium=api_v3_business_search&utm_source=a13dN0CY8XDTpMhWiRdWkw", "review_count": 26, "categories": [{"alias": "japanese", "title": "Japanese"}, {"alias": "bbq", "title": "Barbeque"}], "rating": 4.5, "coordinates": {"latitude": 40.765354, "longitude": -73.983214}, "transactions": ["pickup", "delivery"], "location": {"address1": "253 West 55th St", "address2": "Fl 2", "address3": "", "city": "New York", "zip_code": "10019", "country": "US", "state": "NY", "display_address": ["253 West 55th St", "Fl 2", "New York, NY 10019"]}, "phone": "+19172612165", "display_phone": "(917) 261-2165", "distance": 6724.521667610174}, {"id": "bB8dHfAEJrF5tNcHr0yJjA", "alias": "gyu-kaku-japanese-bbq-new-york", "name": "Gyu-Kaku Japanese BBQ", "image_url": "https://s3-media2.fl.yelpcdn.com/bphoto/gJvpmLRFvhTIdu_7eQedzg/o.jpg", "is_closed": false, "url": "https://www.yelp.com/biz/gyu-kaku-japanese-bbq-new-york?adjust_creative=a13dN0CY8XDTpMhWiRdWkw&utm_campaign=yelp_api_v3&utm_medium=api_v3_business_search&utm_source=a13dN0CY8XDTpMhWiRdWkw", "review_count": 1714, "categories": [{"alias": "japanese", "title": "Japanese"}, {"alias": "bbq", "title": "Barbeque"}, {"alias": "asianfusion", "title": "Asian Fusion"}], "rating": 4.0, "coordinates": {"latitude": 40.72822, "longitude": -73.99142}, "transactions": ["pickup", "delivery"], "price": "$$$", "location": {"address1": "34 Cooper Sq", "address2": "", "address3": "", "city": "New York", "zip_code": "10003", "country": "US", "state": "NY", "display_address": ["34 Cooper Sq", "New York, NY 10003"]}, "phone": "+12124752989", "display_phone": "(212) 475-2989", "distance": 2547.5827262934044}, {"id": "_vQugjzPLr-4udYpiISieA", "alias": "gopchang-story-bbq-new-york", "name": "Gopchang Story BBQ", "image_url": "https://s3-media1.fl.yelpcdn.com/bphoto/9iWQClZDB5Zm_0c1JgxtEQ/o.jpg", "is_closed": false, "url": "https://www.yelp.com/biz/gopchang-story-bbq-new-york?adjust_creative=a13dN0CY8XDTpMhWiRdWkw&utm_campaign=yelp_api_v3&utm_medium=api_v3_business_search&utm_source=a13dN0CY8XDTpMhWiRdWkw", "review_count": 438, "categories": [{"alias": "bbq", "title": "Barbeque"}, {"alias": "korean", "title": "Korean"}], "rating": 4.0, "coordinates": {"latitude": 40.74701, "longitude": -73.98583}, "transactions": ["delivery", "pickup"], "price": "$$", "location": {"address1": "312 5th Ave", "address2": "Fl 2", "address3": "", "city": "New York", "zip_code": "10001", "country": "US", "state": "NY", "display_address": ["312 5th Ave", "Fl 2", "New York, NY 10001"]}, "phone": "+16463719469", "display_phone": "(646) 371-9469", "distance": 4678.771765245314}, {"id": "6FZf17rNThWKoF4EU18wnw", "alias": "yakiniku-futago-new-york", "name": "Yakiniku Futago", "image_url": "https://s3-media3.fl.yelpcdn.com/bphoto/LcZBEtzW6oGEucJuAUOsuQ/o.jpg", "is_closed": false, "url": "https://www.yelp.com/biz/yakiniku-futago-new-york?adjust_creative=a13dN0CY8XDTpMhWiRdWkw&utm_campaign=yelp_api_v3&utm_medium=api_v3_business_search&utm_source=a13dN0CY8XDTpMhWiRdWkw", "review_count": 391, "categories": [{"alias": "japanese", "title": "Japanese"}, {"alias": "bbq", "title": "Barbeque"}, {"alias": "steak", "title": "Steakhouses"}], "rating": 4.5, "coordinates": {"latitude": 40.738851870947, "longitude": -73.9941236398979}, "transactions": ["pickup", "delivery"], "price": "$$$$", "location": {"address1": "37 W 17th St", "address2": "", "address3": "", "city": "New York", "zip_code": "10011", "country": "US", "state": "NY", "display_address": ["37 W 17th St", "New York, NY 10011"]}, "phone": "+12126200225", "display_phone": "(212) 620-0225", "distance": 3714.713004612417}, {"id": "4RxUiL0GdnxTx9an2x6gRQ", "alias": "grand-street-skewer-cart-new-york", "name": "Grand Street Skewer Cart", "image_url": "https://s3-media2.fl.yelpcdn.com/bphoto/BTHSsrKuIzfzyPNS80OJew/o.jpg", "is_closed": false, "url": "https://www.yelp.com/biz/grand-street-skewer-cart-new-york?adjust_creative=a13dN0CY8XDTpMhWiRdWkw&utm_campaign=yelp_api_v3&utm_medium=api_v3_business_search&utm_source=a13dN0CY8XDTpMhWiRdWkw", "review_count": 11, "categories": [{"alias": "streetvendors", "title": "Street Vendors"}, {"alias": "bbq", "title": "Barbeque"}], "rating": 5.0, "coordinates": {"latitude": 40.718090041934, "longitude": -73.9933838887208}, "transactions": [], "location": {"address1": "Chrystie St", "address2": "", "address3": null, "city": "New York", "zip_code": "10002", "country": "US", "state": "NY", "display_address": ["Chrystie St", "New York, NY 10002"]}, "phone": "", "display_phone": "", "distance": 1408.1653178493457}, {"id": "wzmeaMTm5cZ1JCjep7iQeA", "alias": "zls-bbq-new-york", "name": "ZLS BBQ", "image_url": "https://s3-media3.fl.yelpcdn.com/bphoto/9zfg3VKbXszlB4VRJcm4Ag/o.jpg", "is_closed": false, "url": "https://www.yelp.com/biz/zls-bbq-new-york?adjust_creative=a13dN0CY8XDTpMhWiRdWkw&utm_campaign=yelp_api_v3&utm_medium=api_v3_business_search&utm_source=a13dN0CY8XDTpMhWiRdWkw", "review_count": 21, "categories": [{"alias": "bbq", "title": "Barbeque"}, {"alias": "chinese", "title": "Chinese"}], "rating": 4.0, "coordinates": {"latitude": 40.73852, "longitude": -73.98201}, "transactions": ["pickup", "delivery"], "location": {"address1": "219 E 23rd St", "address2": "", "address3": null, "city": "New York", "zip_code": "10010", "country": "US", "state": "NY", "display_address": ["219 E 23rd St", "New York, NY 10010"]}, "phone": "+16467819595", "display_phone": "(646) 781-9595", "distance": 3824.596937136006}, {"id": "DTtA88kTkuAfq-Uccl9Pbg", "alias": "hamilton-pork-jersey-city", "name": "Hamilton Pork", "image_url": "https://s3-media1.fl.yelpcdn.com/bphoto/ZknjiHftTNgA__eyBb8OQg/o.jpg", "is_closed": false, "url": "https://www.yelp.com/biz/hamilton-pork-jersey-city?adjust_creative=a13dN0CY8XDTpMhWiRdWkw&utm_campaign=yelp_api_v3&utm_medium=api_v3_business_search&utm_source=a13dN0CY8XDTpMhWiRdWkw", "review_count": 517, "categories": [{"alias": "bbq", "title": "Barbeque"}], "rating": 4.0, "coordinates": {"latitude": 40.72896, "longitude": -74.04472}, "transactions": ["pickup", "delivery"], "price": "$$", "location": {"address1": "247 10th St", "address2": "", "address3": "", "city": "Jersey City", "zip_code": "07302", "country": "US", "state": "NJ", "display_address": ["247 10th St", "Jersey City, NJ 07302"]}, "phone": "+12019577245", "display_phone": "(201) 957-7245", "distance": 4989.860811811777}, {"id": "LcyrHytfSy0r048ew9-UXQ", "alias": "arrogant-swine-brooklyn-2", "name": "Arrogant Swine", "image_url": "https://s3-media1.fl.yelpcdn.com/bphoto/DDgZkzlNU1OtBKD_nD2C_A/o.jpg", "is_closed": false, "url": "https://www.yelp.com/biz/arrogant-swine-brooklyn-2?adjust_creative=a13dN0CY8XDTpMhWiRdWkw&utm_campaign=yelp_api_v3&utm_medium=api_v3_business_search&utm_source=a13dN0CY8XDTpMhWiRdWkw", "review_count": 294, "categories": [{"alias": "bbq", "title": "Barbeque"}], "rating": 3.5, "coordinates": {"latitude": 40.7100956887007, "longitude": -73.933403044939}, "transactions": ["pickup", "delivery"], "price": "$$", "location": {"address1": "173 Morgan Ave", "address2": "", "address3": "", "city": "Brooklyn", "zip_code": "11237", "country": "US", "state": "NY", "display_address": ["173 Morgan Ave", "Brooklyn, NY 11237"]}, "phone": "+13473285595", "display_phone": "(347) 328-5595", "distance": 5140.5876693278615}, {"id": "DIxCBcbfu0ABFnm4SNk5OQ", "alias": "brads-burgers-and-bbq-new-york", "name": "Brad's Burgers & Bbq", "image_url": "https://s3-media3.fl.yelpcdn.com/bphoto/cBl8J3hHkYzMmiaCiHQruA/o.jpg", "is_closed": false, "url": "https://www.yelp.com/biz/brads-burgers-and-bbq-new-york?adjust_creative=a13dN0CY8XDTpMhWiRdWkw&utm_campaign=yelp_api_v3&utm_medium=api_v3_business_search&utm_source=a13dN0CY8XDTpMhWiRdWkw", "review_count": 76, "categories": [{"alias": "burgers", "title": "Burgers"}, {"alias": "bars", "title": "Bars"}, {"alias": "bbq", "title": "Barbeque"}], "rating": 4.0, "coordinates": {"latitude": 40.786064, "longitude": -73.972712}, "transactions": ["pickup", "delivery"], "price": "$$", "location": {"address1": "522 Columbus Ave", "address2": "", "address3": null, "city": "New York", "zip_code": "10024", "country": "US", "state": "NY", "display_address": ["522 Columbus Ave", "New York, NY 10024"]}, "phone": "+12127873473", "display_phone": "(212) 787-3473", "distance": 9144.797111006756}, {"id": "P_a_taGxqxvkzdzp51Bm7A", "alias": "simons-bbq-ii-brooklyn", "name": "Simon's BBQ II", "image_url": "https://s3-media1.fl.yelpcdn.com/bphoto/ukWsE9nr9Nzsb9YotWJmxw/o.jpg", "is_closed": false, "url": "https://www.yelp.com/biz/simons-bbq-ii-brooklyn?adjust_creative=a13dN0CY8XDTpMhWiRdWkw&utm_campaign=yelp_api_v3&utm_medium=api_v3_business_search&utm_source=a13dN0CY8XDTpMhWiRdWkw", "review_count": 68, "categories": [{"alias": "chinese", "title": "Chinese"}, {"alias": "bbq", "title": "Barbeque"}], "rating": 3.5, "coordinates": {"latitude": 40.6395142, "longitude": -74.0053988}, "transactions": ["delivery"], "price": "$$", "location": {"address1": "5224 8th Ave", "address2": "", "address3": "", "city": "Brooklyn", "zip_code": "11220", "country": "US", "state": "NY", "display_address": ["5224 8th Ave", "Brooklyn, NY 11220"]}, "phone": "+17184310788", "display_phone": "(718) 431-0788", "distance": 7390.732631921943}, {"id": "37RhWHnMsnjULuoN95Bg9A", "alias": "izzys-brooklyn-smokehouse-crown-heights", "name": "Izzy's Brooklyn Smokehouse", "image_url": "https://s3-media2.fl.yelpcdn.com/bphoto/jvVxB32Q6FT0LwLDphawRA/o.jpg", "is_closed": false, "url": "https://www.yelp.com/biz/izzys-brooklyn-smokehouse-crown-heights?adjust_creative=a13dN0CY8XDTpMhWiRdWkw&utm_campaign=yelp_api_v3&utm_medium=api_v3_business_search&utm_source=a13dN0CY8XDTpMhWiRdWkw", "review_count": 161, "categories": [{"alias": "bbq", "title": "Barbeque"}, {"alias": "kosher", "title": "Kosher"}, {"alias": "smokehouse", "title": "Smokehouse"}], "rating": 4.0, "coordinates": {"latitude": 40.66487, "longitude": -73.9369}, "transactions": ["delivery"], "price": "$$$", "location": {"address1": "397 Troy Ave", "address2": "", "address3": "", "city": "Crown Heights", "zip_code": "11213", "country": "US", "state": "NY", "display_address": ["397 Troy Ave", "Crown Heights, NY 11213"]}, "phone": "+13474250524", "display_phone": "(347) 425-0524", "distance": 6620.986666739666}], "total": 240, "region": {"center": {"longitude": -73.99429321289062, "latitude": 40.70544486444615}}}