{"businesses": [{"id": "LAlo9dPfAhXHkArcs_IvZA", "alias": "irie-jamaican-kitchen-eugene-22", "name": "Irie Jamaican Kitchen", "image_url": "https://s3-media2.fl.yelpcdn.com/bphoto/NvIys0AtjpYqei-2iVu_ww/o.jpg", "is_closed": false, "url": "https://www.yelp.com/biz/irie-jamaican-kitchen-eugene-22?adjust_creative=a13dN0CY8XDTpMhWiRdWkw&utm_campaign=yelp_api_v3&utm_medium=api_v3_business_search&utm_source=a13dN0CY8XDTpMhWiRdWkw", "review_count": 28, "categories": [{"alias": "caribbean", "title": "Caribbean"}, {"alias": "foodtrucks", "title": "Food Trucks"}], "rating": 5.0, "coordinates": {"latitude": 44.045773657753145, "longitude": -123.0878459}, "transactions": ["delivery"], "location": {"address1": "315 E 13th Ave", "address2": null, "address3": null, "city": "Eugene", "zip_code": "97401", "country": "US", "state": "OR", "display_address": ["315 E 13th Ave", "Eugene, OR 97401"]}, "phone": "+15418330351", "display_phone": "(541) 833-0351", "distance": 928.8923543360872}, {"id": "BQcgpQxUM39PMO_YDl_CqA", "alias": "fredas-caribbean-and-soul-cuisine-new-york", "name": "Freda's Caribbean & Soul Cuisine", "image_url": "https://s3-media1.fl.yelpcdn.com/bphoto/4JLFuFJ2kpnpMHO7ZSqvyQ/o.jpg", "is_closed": false, "url": "https://www.yelp.com/biz/fredas-caribbean-and-soul-cuisine-new-york?adjust_creative=a13dN0CY8XDTpMhWiRdWkw&utm_campaign=yelp_api_v3&utm_medium=api_v3_business_search&utm_source=a13dN0CY8XDTpMhWiRdWkw", "review_count": 589, "categories": [{"alias": "caribbean", "title": "Caribbean"}, {"alias": "soulfood", "title": "Soul Food"}], "rating": 4.0, "coordinates": {"latitude": 40.80095, "longitude": -73.96141}, "transactions": ["pickup", "delivery"], "price": "$$", "location": {"address1": "993 Columbus Ave", "address2": "", "address3": "", "city": "New York", "zip_code": "10025", "country": "US", "state": "NY", "display_address": ["993 Columbus Ave", "New York, NY 10025"]}, "phone": "+19174093689", "display_phone": "(917) 409-3689", "distance": 10972.388828401296}, {"id": "CrvXivXCs4rufuDgXydTng", "alias": "jasmines-caribbean-cuisine-new-york", "name": "Jasmine's Caribbean Cuisine", "image_url": "https://s3-media4.fl.yelpcdn.com/bphoto/FnVfL-4gzNyJiccWBUeEpA/o.jpg", "is_closed": false, "url": "https://www.yelp.com/biz/jasmines-caribbean-cuisine-new-york?adjust_creative=a13dN0CY8XDTpMhWiRdWkw&utm_campaign=yelp_api_v3&utm_medium=api_v3_business_search&utm_source=a13dN0CY8XDTpMhWiRdWkw", "review_count": 79, "categories": [{"alias": "caribbean", "title": "Caribbean"}, {"alias": "seafood", "title": "Seafood"}, {"alias": "cocktailbars", "title": "Cocktail Bars"}], "rating": 4.0, "coordinates": {"latitude": 40.760914, "longitude": -73.990323}, "transactions": ["pickup", "delivery"], "location": {"address1": "371 West 46th St", "address2": null, "address3": "", "city": "New York", "zip_code": "10036", "country": "US", "state": "NY", "display_address": ["371 West 46th St", "New York, NY 10036"]}, "phone": "+16469645337", "display_phone": "(646) 964-5337", "distance": 6182.568330734686}, {"id": "TkBJW-GIJF_6wW1OG3i-8A", "alias": "miss-lilys-new-york", "name": "Miss Lily's", "image_url": "https://s3-media2.fl.yelpcdn.com/bphoto/DSfQzEl4sfw8Y7d9tLLIEg/o.jpg", "is_closed": false, "url": "https://www.yelp.com/biz/miss-lilys-new-york?adjust_creative=a13dN0CY8XDTpMhWiRdWkw&utm_campaign=yelp_api_v3&utm_medium=api_v3_business_search&utm_source=a13dN0CY8XDTpMhWiRdWkw", "review_count": 1135, "categories": [{"alias": "caribbean", "title": "Caribbean"}, {"alias": "breakfast_brunch", "title": "Breakfast & Brunch"}], "rating": 3.5, "coordinates": {"latitude": 40.727947, "longitude": -74.001393}, "transactions": ["pickup", "delivery"], "price": "$$", "location": {"address1": "132 W Houston St", "address2": "", "address3": "", "city": "New York", "zip_code": "10012", "country": "US", "state": "NY", "display_address": ["132 W Houston St", "New York, NY 10012"]}, "phone": "+16465885375", "display_phone": "(646) 588-5375", "distance": 2572.6735804922437}, {"id": "0sNH2OU3RiV3uf52M20L1Q", "alias": "tings-jamaican-jerk-chicken-new-york", "name": "Tings Jamaican Jerk Chicken", "image_url": "https://s3-media1.fl.yelpcdn.com/bphoto/KH2D5DFAbu1grQtmGOxRvA/o.jpg", "is_closed": false, "url": "https://www.yelp.com/biz/tings-jamaican-jerk-chicken-new-york?adjust_creative=a13dN0CY8XDTpMhWiRdWkw&utm_campaign=yelp_api_v3&utm_medium=api_v3_business_search&utm_source=a13dN0CY8XDTpMhWiRdWkw", "review_count": 56, "categories": [{"alias": "caribbean", "title": "Caribbean"}, {"alias": "juicebars", "title": "Juice Bars & Smoothies"}, {"alias": "soulfood", "title": "Soul Food"}], "rating": 4.0, "coordinates": {"latitude": 40.7422926, "longitude": -74.0061307}, "transactions": ["pickup", "delivery"], "location": {"address1": "75 9th Ave", "address2": null, "address3": null, "city": "New York", "zip_code": "10011", "country": "US", "state": "NY", "display_address": ["75 9th Ave", "New York, NY 10011"]}, "phone": "", "display_phone": "", "distance": 4216.963538781078}, {"id": "Eq5swPd7gqL_n5XgQqmKrQ", "alias": "fats-duvalls-rhum-cafe-new-york", "name": "Fats Duvall's Rhum Cafe", "image_url": "https://s3-media4.fl.yelpcdn.com/bphoto/AGp6gDdK66PRmKThB_JKYg/o.jpg", "is_closed": false, "url": "https://www.yelp.com/biz/fats-duvalls-rhum-cafe-new-york?adjust_creative=a13dN0CY8XDTpMhWiRdWkw&utm_campaign=yelp_api_v3&utm_medium=api_v3_business_search&utm_source=a13dN0CY8XDTpMhWiRdWkw", "review_count": 25, "categories": [{"alias": "cocktailbars", "title": "Cocktail Bars"}, {"alias": "caribbean", "title": "Caribbean"}], "rating": 4.5, "coordinates": {"latitude": 40.7256, "longitude": -74.007113}, "transactions": ["pickup", "delivery"], "price": "$$", "location": {"address1": "286 Spring St", "address2": null, "address3": "", "city": "New York", "zip_code": "10013", "country": "US", "state": "NY", "display_address": ["286 Spring St", "New York, NY 10013"]}, "phone": "+16468580028", "display_phone": "(646) 858-0028", "distance": 2488.9710580727055}, {"id": "zyyT2yiyxxamC-jKc0v-fg", "alias": "omars-kitchen-and-rum-bar-new-york", "name": "Omar's Kitchen and Rum Bar", "image_url": "https://s3-media3.fl.yelpcdn.com/bphoto/IeyFQf7Bi3s0EpiJYnROPw/o.jpg", "is_closed": false, "url": "https://www.yelp.com/biz/omars-kitchen-and-rum-bar-new-york?adjust_creative=a13dN0CY8XDTpMhWiRdWkw&utm_campaign=yelp_api_v3&utm_medium=api_v3_business_search&utm_source=a13dN0CY8XDTpMhWiRdWkw", "review_count": 153, "categories": [{"alias": "caribbean", "title": "Caribbean"}, {"alias": "bars", "title": "Bars"}], "rating": 4.0, "coordinates": {"latitude": 40.720422, "longitude": -73.984525}, "transactions": ["pickup", "delivery"], "location": {"address1": "29A Clinton St", "address2": null, "address3": "", "city": "New York", "zip_code": "10002", "country": "US", "state": "NY", "display_address": ["29A Clinton St", "New York, NY 10002"]}, "phone": "", "display_phone": "", "distance": 1853.6675055102005}, {"id": "15pcxijuNY8BMNzBhABt7w", "alias": "miss-lilys-7a-new-york-2", "name": "Miss Lily's 7A", "image_url": "https://s3-media2.fl.yelpcdn.com/bphoto/nhNUO_VG9ziZYjrNYOBGyQ/o.jpg", "is_closed": false, "url": "https://www.yelp.com/biz/miss-lilys-7a-new-york-2?adjust_creative=a13dN0CY8XDTpMhWiRdWkw&utm_campaign=yelp_api_v3&utm_medium=api_v3_business_search&utm_source=a13dN0CY8XDTpMhWiRdWkw", "review_count": 758, "categories": [{"alias": "caribbean", "title": "Caribbean"}, {"alias": "cocktailbars", "title": "Cocktail Bars"}], "rating": 4.0, "coordinates": {"latitude": 40.726019, "longitude": -73.9837551}, "transactions": ["pickup", "delivery"], "price": "$$", "location": {"address1": "109 Avenue A", "address2": null, "address3": "", "city": "New York", "zip_code": "10009", "country": "US", "state": "NY", "display_address": ["109 Avenue A", "New York, NY 10009"]}, "phone": "+12128121482", "display_phone": "(212) 812-1482", "distance": 2454.091979021472}, {"id": "2N0rmZr3YVSa_sZYTJHxIA", "alias": "imani-caribbean-kitchen-and-bar-brooklyn-2", "name": "Imani Caribbean Kitchen & Bar", "image_url": "https://s3-media1.fl.yelpcdn.com/bphoto/JQdA6MpApkDf0Fn97Eo4EA/o.jpg", "is_closed": false, "url": "https://www.yelp.com/biz/imani-caribbean-kitchen-and-bar-brooklyn-2?adjust_creative=a13dN0CY8XDTpMhWiRdWkw&utm_campaign=yelp_api_v3&utm_medium=api_v3_business_search&utm_source=a13dN0CY8XDTpMhWiRdWkw", "review_count": 643, "categories": [{"alias": "caribbean", "title": "Caribbean"}, {"alias": "bars", "title": "Bars"}], "rating": 4.0, "coordinates": {"latitude": 40.6894, "longitude": -73.97094}, "transactions": ["pickup", "delivery"], "price": "$$", "location": {"address1": "271 Adelphi St", "address2": null, "address3": "", "city": "Brooklyn", "zip_code": "11205", "country": "US", "state": "NY", "display_address": ["271 Adelphi St", "Brooklyn, NY 11205"]}, "phone": "+17189230100", "display_phone": "(718) 923-0100", "distance": 2652.457681299506}, {"id": "0czWwSVOVjVQaefbL4Zq-g", "alias": "kokomo-brooklyn-2", "name": "Kokomo", "image_url": "https://s3-media4.fl.yelpcdn.com/bphoto/yQhs4N4RCM21Lt-F_NrnIQ/o.jpg", "is_closed": false, "url": "https://www.yelp.com/biz/kokomo-brooklyn-2?adjust_creative=a13dN0CY8XDTpMhWiRdWkw&utm_campaign=yelp_api_v3&utm_medium=api_v3_business_search&utm_source=a13dN0CY8XDTpMhWiRdWkw", "review_count": 439, "categories": [{"alias": "caribbean", "title": "Caribbean"}, {"alias": "breakfast_brunch", "title": "Breakfast & Brunch"}, {"alias": "cocktailbars", "title": "Cocktail Bars"}], "rating": 4.0, "coordinates": {"latitude": 40.721985, "longitude": -73.959706}, "transactions": ["pickup", "delivery"], "price": "$$", "location": {"address1": "65 Kent Ave", "address2": null, "address3": "", "city": "Brooklyn", "zip_code": "11249", "country": "US", "state": "NY", "display_address": ["65 Kent Ave", "Brooklyn, NY 11249"]}, "phone": "+13475727598", "display_phone": "(347) 572-7598", "distance": 3445.9519930878128}, {"id": "5DYXk15LwSfsuc89MeU6Pw", "alias": "the-simpson-restaurant-and-bar-brooklyn", "name": "The Simpson Restaurant & Bar", "image_url": "https://s3-media1.fl.yelpcdn.com/bphoto/RvLDDbko4yleLDs3IqEtJw/o.jpg", "is_closed": false, "url": "https://www.yelp.com/biz/the-simpson-restaurant-and-bar-brooklyn?adjust_creative=a13dN0CY8XDTpMhWiRdWkw&utm_campaign=yelp_api_v3&utm_medium=api_v3_business_search&utm_source=a13dN0CY8XDTpMhWiRdWkw", "review_count": 63, "categories": [{"alias": "caribbean", "title": "Caribbean"}, {"alias": "seafood", "title": "Seafood"}, {"alias": "bars", "title": "Bars"}], "rating": 4.5, "coordinates": {"latitude": 40.683251, "longitude": -73.973347}, "transactions": ["pickup", "delivery"], "location": {"address1": "673 Atlantic Ave", "address2": "", "address3": null, "city": "Brooklyn", "zip_code": "11217", "country": "US", "state": "NY", "display_address": ["673 Atlantic Ave", "Brooklyn, NY 11217"]}, "phone": "+13477632711", "display_phone": "(347) 763-2711", "distance": 3033.814356306328}, {"id": "VDz9n7gwcq51wOAbTBdXxA", "alias": "the-food-sermon-kitchen-brooklyn-2", "name": "The Food Sermon Kitchen", "image_url": "https://s3-media3.fl.yelpcdn.com/bphoto/dML-vExoM1rKO-Zha5qdhw/o.jpg", "is_closed": false, "url": "https://www.yelp.com/biz/the-food-sermon-kitchen-brooklyn-2?adjust_creative=a13dN0CY8XDTpMhWiRdWkw&utm_campaign=yelp_api_v3&utm_medium=api_v3_business_search&utm_source=a13dN0CY8XDTpMhWiRdWkw", "review_count": 267, "categories": [{"alias": "caribbean", "title": "Caribbean"}], "rating": 4.5, "coordinates": {"latitude": 40.6985551, "longitude": -73.9712029}, "transactions": ["pickup", "delivery"], "price": "$$", "location": {"address1": "141 Flushing Ave", "address2": "Bldg 77 Unit 108", "address3": "The Brooklyn Navy Yard", "city": "Brooklyn", "zip_code": "11205", "country": "US", "state": "NY", "display_address": ["141 Flushing Ave", "Bldg 77 Unit 108", "The Brooklyn Navy Yard", "Brooklyn, NY 11205"]}, "phone": "", "display_phone": "", "distance": 2091.8075832354552}, {"id": "hO1T1fG5f5FbvOP2124rpw", "alias": "negril-bk-brooklyn", "name": "Negril BK", "image_url": "https://s3-media3.fl.yelpcdn.com/bphoto/XBK1kmGdS4buJ5reqDPe6w/o.jpg", "is_closed": false, "url": "https://www.yelp.com/biz/negril-bk-brooklyn?adjust_creative=a13dN0CY8XDTpMhWiRdWkw&utm_campaign=yelp_api_v3&utm_medium=api_v3_business_search&utm_source=a13dN0CY8XDTpMhWiRdWkw", "review_count": 698, "categories": [{"alias": "caribbean", "title": "Caribbean"}, {"alias": "cocktailbars", "title": "Cocktail Bars"}], "rating": 4.0, "coordinates": {"latitude": 40.67501, "longitude": -73.98163}, "transactions": ["pickup", "delivery"], "price": "$$", "location": {"address1": "256 5th Ave", "address2": null, "address3": "", "city": "Brooklyn", "zip_code": "11215", "country": "US", "state": "NY", "display_address": ["256 5th Ave", "Brooklyn, NY 11215"]}, "phone": "+13477213801", "display_phone": "(347) 721-3801", "distance": 3548.0088827151144}, {"id": "8RdzB-X0ogBI0Cx5-YmGqA", "alias": "sugarcane-brooklyn", "name": "Sugarcane", "image_url": "https://s3-media2.fl.yelpcdn.com/bphoto/0KoyBxQNf_ycotbRR7JlZA/o.jpg", "is_closed": false, "url": "https://www.yelp.com/biz/sugarcane-brooklyn?adjust_creative=a13dN0CY8XDTpMhWiRdWkw&utm_campaign=yelp_api_v3&utm_medium=api_v3_business_search&utm_source=a13dN0CY8XDTpMhWiRdWkw", "review_count": 631, "categories": [{"alias": "caribbean", "title": "Caribbean"}], "rating": 3.5, "coordinates": {"latitude": 40.68028, "longitude": -73.97508}, "transactions": ["pickup", "delivery"], "price": "$$", "location": {"address1": "238 Flatbush Ave", "address2": "", "address3": "", "city": "Brooklyn", "zip_code": "11217", "country": "US", "state": "NY", "display_address": ["238 Flatbush Ave", "Brooklyn, NY 11217"]}, "phone": "+17182303954", "display_phone": "(718) 230-3954", "distance": 3233.3357438701955}, {"id": "o3He-6mub9ZTmBl23Jwy_Q", "alias": "fyahbun-creative-new-york", "name": "FyahBun Creative", "image_url": "https://s3-media3.fl.yelpcdn.com/bphoto/TejAt_YjRfhlaA0VSZdBng/o.jpg", "is_closed": false, "url": "https://www.yelp.com/biz/fyahbun-creative-new-york?adjust_creative=a13dN0CY8XDTpMhWiRdWkw&utm_campaign=yelp_api_v3&utm_medium=api_v3_business_search&utm_source=a13dN0CY8XDTpMhWiRdWkw", "review_count": 21, "categories": [{"alias": "caribbean", "title": "Caribbean"}], "rating": 5.0, "coordinates": {"latitude": 40.753298933821, "longitude": -73.9680679142475}, "transactions": ["pickup", "delivery"], "location": {"address1": "325 E 48th St", "address2": "", "address3": null, "city": "New York", "zip_code": "10017", "country": "US", "state": "NY", "display_address": ["325 E 48th St", "New York, NY 10017"]}, "phone": "+13478164946", "display_phone": "(347) 816-4946", "distance": 5761.746339881353}, {"id": "gKZrBbZv0tqS_ksMh5wqBw", "alias": "peppas-jerk-chicken-new-york", "name": "Peppa's Jerk Chicken", "image_url": "https://s3-media2.fl.yelpcdn.com/bphoto/XH4oINKuyf1A-TvwZ4b07g/o.jpg", "is_closed": false, "url": "https://www.yelp.com/biz/peppas-jerk-chicken-new-york?adjust_creative=a13dN0CY8XDTpMhWiRdWkw&utm_campaign=yelp_api_v3&utm_medium=api_v3_business_search&utm_source=a13dN0CY8XDTpMhWiRdWkw", "review_count": 29, "categories": [{"alias": "caribbean", "title": "Caribbean"}, {"alias": "chickenshop", "title": "Chicken Shop"}], "rating": 4.0, "coordinates": {"latitude": 40.7213317, "longitude": -73.9883667}, "transactions": [], "location": {"address1": "96 Stanton St", "address2": "", "address3": null, "city": "New York", "zip_code": "10002", "country": "US", "state": "NY", "display_address": ["96 Stanton St", "New York, NY 10002"]}, "phone": "", "display_phone": "", "distance": 1852.3230709995619}, {"id": "fKyEX3Dr0K4geeNOpXMqkQ", "alias": "jerk-pan-new-york-2", "name": "Jerk Pan", "image_url": "https://s3-media1.fl.yelpcdn.com/bphoto/QlRj78ePX_CzFWAyrwT80w/o.jpg", "is_closed": false, "url": "https://www.yelp.com/biz/jerk-pan-new-york-2?adjust_creative=a13dN0CY8XDTpMhWiRdWkw&utm_campaign=yelp_api_v3&utm_medium=api_v3_business_search&utm_source=a13dN0CY8XDTpMhWiRdWkw", "review_count": 125, "categories": [{"alias": "caribbean", "title": "Caribbean"}, {"alias": "foodtrucks", "title": "Food Trucks"}], "rating": 4.0, "coordinates": {"latitude": 40.755862, "longitude": -73.97461}, "transactions": ["pickup", "delivery"], "price": "$", "location": {"address1": "48th St & Park Ave", "address2": "", "address3": "", "city": "New York", "zip_code": "10017", "country": "US", "state": "NY", "display_address": ["48th St & Park Ave", "New York, NY 10017"]}, "phone": "+17186791209", "display_phone": "(718) 679-1209", "distance": 5846.313716182618}, {"id": "-Q6u3AkGnfxuOQl_o8prDQ", "alias": "stellas-brooklyn-2", "name": "Stella's", "image_url": "https://s3-media2.fl.yelpcdn.com/bphoto/QVtsix8nQKY0o9gL1T9wxQ/o.jpg", "is_closed": false, "url": "https://www.yelp.com/biz/stellas-brooklyn-2?adjust_creative=a13dN0CY8XDTpMhWiRdWkw&utm_campaign=yelp_api_v3&utm_medium=api_v3_business_search&utm_source=a13dN0CY8XDTpMhWiRdWkw", "review_count": 66, "categories": [{"alias": "caribbean", "title": "Caribbean"}], "rating": 4.5, "coordinates": {"latitude": 40.66536, "longitude": -73.98929}, "transactions": ["pickup", "delivery"], "location": {"address1": "559 5th Ave", "address2": null, "address3": "", "city": "Brooklyn", "zip_code": "11215", "country": "US", "state": "NY", "display_address": ["559 5th Ave", "Brooklyn, NY 11215"]}, "phone": "+13476892367", "display_phone": "(347) 689-2367", "distance": 4477.695084756416}, {"id": "yZdql8Gs3LtfFm_bvJB7oQ", "alias": "jerk-shack-caribbean-food-truck-staten-island", "name": "Jerk Shack Caribbean Food Truck", "image_url": "https://s3-media2.fl.yelpcdn.com/bphoto/g6N7y4qnUOrHpy7VjaL0tg/o.jpg", "is_closed": false, "url": "https://www.yelp.com/biz/jerk-shack-caribbean-food-truck-staten-island?adjust_creative=a13dN0CY8XDTpMhWiRdWkw&utm_campaign=yelp_api_v3&utm_medium=api_v3_business_search&utm_source=a13dN0CY8XDTpMhWiRdWkw", "review_count": 21, "categories": [{"alias": "caribbean", "title": "Caribbean"}, {"alias": "foodtrucks", "title": "Food Trucks"}], "rating": 5.0, "coordinates": {"latitude": 40.6340762, "longitude": -74.1230641}, "transactions": ["pickup", "delivery"], "location": {"address1": null, "address2": null, "address3": "", "city": "Staten Island", "zip_code": "10301", "country": "US", "state": "NY", "display_address": ["Staten Island, NY 10301"]}, "phone": "+13479374340", "display_phone": "(347) 937-4340", "distance": 13450.847462847954}, {"id": "yEWj9Vm-UyYsBD1l8oCwCA", "alias": "taylor-made-jamaican-eatery-brooklyn", "name": "Taylor Made Jamaican Eatery", "image_url": "https://s3-media3.fl.yelpcdn.com/bphoto/Rk7oo1LZbSYC5TRrwkuojw/o.jpg", "is_closed": false, "url": "https://www.yelp.com/biz/taylor-made-jamaican-eatery-brooklyn?adjust_creative=a13dN0CY8XDTpMhWiRdWkw&utm_campaign=yelp_api_v3&utm_medium=api_v3_business_search&utm_source=a13dN0CY8XDTpMhWiRdWkw", "review_count": 57, "categories": [{"alias": "caribbean", "title": "Caribbean"}], "rating": 4.5, "coordinates": {"latitude": 40.6876188273664, "longitude": -73.9596568420529}, "transactions": ["pickup", "delivery"], "price": "$", "location": {"address1": "393 Classon Ave", "address2": null, "address3": null, "city": "Brooklyn", "zip_code": "11238", "country": "US", "state": "NY", "display_address": ["393 Classon Ave", "Brooklyn, NY 11238"]}, "phone": "+17184842310", "display_phone": "(718) 484-2310", "distance": 3529.231985116639}, {"id": "0qLiJ70Iciz3K9JVmwY2tg", "alias": "las-lap-new-york", "name": "Las' Lap", "image_url": "https://s3-media1.fl.yelpcdn.com/bphoto/1Eyhfd00s16-Ex-dOJVWyw/o.jpg", "is_closed": false, "url": "https://www.yelp.com/biz/las-lap-new-york?adjust_creative=a13dN0CY8XDTpMhWiRdWkw&utm_campaign=yelp_api_v3&utm_medium=api_v3_business_search&utm_source=a13dN0CY8XDTpMhWiRdWkw", "review_count": 108, "categories": [{"alias": "caribbean", "title": "Caribbean"}, {"alias": "chicken_wings", "title": "Chicken Wings"}, {"alias": "cocktailbars", "title": "Cocktail Bars"}], "rating": 4.0, "coordinates": {"latitude": 40.7176139, "longitude": -73.990234}, "transactions": ["pickup", "delivery"], "price": "$$", "location": {"address1": "74 Orchard St", "address2": "", "address3": null, "city": "New York", "zip_code": "10002", "country": "US", "state": "NY", "display_address": ["74 Orchard St", "New York, NY 10002"]}, "phone": "+16464846002", "display_phone": "(646) 484-6002", "distance": 1395.7172197874672}, {"id": "KfJdtE6Aj-MTGtBw-2Imyw", "alias": "bk9-brooklyn-2", "name": "BK9", "image_url": "https://s3-media2.fl.yelpcdn.com/bphoto/lSiwKFCEzQ9xXNj2WHv7Sg/o.jpg", "is_closed": false, "url": "https://www.yelp.com/biz/bk9-brooklyn-2?adjust_creative=a13dN0CY8XDTpMhWiRdWkw&utm_campaign=yelp_api_v3&utm_medium=api_v3_business_search&utm_source=a13dN0CY8XDTpMhWiRdWkw", "review_count": 473, "categories": [{"alias": "caribbean", "title": "Caribbean"}, {"alias": "cocktailbars", "title": "Cocktail Bars"}], "rating": 3.5, "coordinates": {"latitude": 40.681179, "longitude": -73.977388}, "transactions": ["pickup", "delivery"], "price": "$$", "location": {"address1": "62 5th Ave", "address2": "", "address3": "", "city": "Brooklyn", "zip_code": "11217", "country": "US", "state": "NY", "display_address": ["62 5th Ave", "Brooklyn, NY 11217"]}, "phone": "+17187892176", "display_phone": "(718) 789-2176", "distance": 3051.534355388669}, {"id": "KBW0EP-prQBhkqqGJCxmXg", "alias": "the-islands-brooklyn-2", "name": "The Islands", "image_url": "https://s3-media2.fl.yelpcdn.com/bphoto/eEQ3bLkWhPSIvJBIpazk2w/o.jpg", "is_closed": false, "url": "https://www.yelp.com/biz/the-islands-brooklyn-2?adjust_creative=a13dN0CY8XDTpMhWiRdWkw&utm_campaign=yelp_api_v3&utm_medium=api_v3_business_search&utm_source=a13dN0CY8XDTpMhWiRdWkw", "review_count": 729, "categories": [{"alias": "caribbean", "title": "Caribbean"}], "rating": 4.0, "coordinates": {"latitude": 40.6770523794749, "longitude": -73.9634169638157}, "transactions": ["pickup", "delivery"], "price": "$$", "location": {"address1": "671 Washington Ave", "address2": "", "address3": "", "city": "Brooklyn", "zip_code": "11238", "country": "US", "state": "NY", "display_address": ["671 Washington Ave", "Brooklyn, NY 11238"]}, "phone": "+17183983575", "display_phone": "(718) 398-3575", "distance": 4091.9502264213406}, {"id": "vLt2PHLh9AtKh7fIIvwCWQ", "alias": "le-soleil-brillant-restaurant-new-york", "name": "Le Soleil Brillant Restaurant", "image_url": "https://s3-media4.fl.yelpcdn.com/bphoto/FcJdGkvsJFFRa_G9AOcOLA/o.jpg", "is_closed": false, "url": "https://www.yelp.com/biz/le-soleil-brillant-restaurant-new-york?adjust_creative=a13dN0CY8XDTpMhWiRdWkw&utm_campaign=yelp_api_v3&utm_medium=api_v3_business_search&utm_source=a13dN0CY8XDTpMhWiRdWkw", "review_count": 95, "categories": [{"alias": "haitian", "title": "Haitian"}], "rating": 4.0, "coordinates": {"latitude": 40.76857, "longitude": -73.988581}, "transactions": ["pickup", "delivery"], "price": "$$", "location": {"address1": "858 10th Ave", "address2": "", "address3": "", "city": "New York", "zip_code": "10019", "country": "US", "state": "NY", "display_address": ["858 10th Ave", "New York, NY 10019"]}, "phone": "+16466843138", "display_phone": "(646) 684-3138", "distance": 7035.679315174444}, {"id": "XXh8UiWVywKxGnS06WN8PQ", "alias": "blaze-jamaican-restaurant-staten-island", "name": "Blaze Jamaican Restaurant", "image_url": "https://s3-media2.fl.yelpcdn.com/bphoto/PHFq3HYJMGONzatOmuZxbg/o.jpg", "is_closed": false, "url": "https://www.yelp.com/biz/blaze-jamaican-restaurant-staten-island?adjust_creative=a13dN0CY8XDTpMhWiRdWkw&utm_campaign=yelp_api_v3&utm_medium=api_v3_business_search&utm_source=a13dN0CY8XDTpMhWiRdWkw", "review_count": 17, "categories": [{"alias": "caribbean", "title": "Caribbean"}], "rating": 4.5, "coordinates": {"latitude": 40.63834, "longitude": -74.07902}, "transactions": ["pickup", "delivery"], "location": {"address1": "3 Corson Ave", "address2": null, "address3": "", "city": "Staten Island", "zip_code": "10301", "country": "US", "state": "NY", "display_address": ["3 Corson Ave", "Staten Island, NY 10301"]}, "phone": "+19294642330", "display_phone": "(929) 464-2330", "distance": 10331.043185472952}, {"id": "DVSm03qNU7zE1mv1QSKnsA", "alias": "mangoseed-restaurant-brooklyn-2", "name": "MangoSeed Restaurant", "image_url": "https://s3-media2.fl.yelpcdn.com/bphoto/udROWEH7Wkv61RKRlmM9yg/o.jpg", "is_closed": false, "url": "https://www.yelp.com/biz/mangoseed-restaurant-brooklyn-2?adjust_creative=a13dN0CY8XDTpMhWiRdWkw&utm_campaign=yelp_api_v3&utm_medium=api_v3_business_search&utm_source=a13dN0CY8XDTpMhWiRdWkw", "review_count": 832, "categories": [{"alias": "caribbean", "title": "Caribbean"}, {"alias": "cocktailbars", "title": "Cocktail Bars"}, {"alias": "pizza", "title": "Pizza"}], "rating": 4.0, "coordinates": {"latitude": 40.65453249999999, "longitude": -73.95941959999999}, "transactions": ["pickup", "delivery"], "price": "$$", "location": {"address1": "755 Flatbush Ave", "address2": "", "address3": "", "city": "Brooklyn", "zip_code": "11226", "country": "US", "state": "NY", "display_address": ["755 Flatbush Ave", "Brooklyn, NY 11226"]}, "phone": "+17185136084", "display_phone": "(718) 513-6084", "distance": 6379.426421889238}, {"id": "SChgaLrQNKLd-Noei1Tocw", "alias": "peppas-jerk-chicken-restaurant-brooklyn", "name": "Peppa's Jerk Chicken Restaurant", "image_url": "https://s3-media3.fl.yelpcdn.com/bphoto/XY0l-JUqLVOjrFW0-q5BNw/o.jpg", "is_closed": false, "url": "https://www.yelp.com/biz/peppas-jerk-chicken-restaurant-brooklyn?adjust_creative=a13dN0CY8XDTpMhWiRdWkw&utm_campaign=yelp_api_v3&utm_medium=api_v3_business_search&utm_source=a13dN0CY8XDTpMhWiRdWkw", "review_count": 251, "categories": [{"alias": "caribbean", "title": "Caribbean"}, {"alias": "chickenshop", "title": "Chicken Shop"}], "rating": 4.0, "coordinates": {"latitude": 40.65493, "longitude": -73.95988}, "transactions": ["delivery"], "price": "$$", "location": {"address1": "738 Flatbush Ave", "address2": "", "address3": "", "city": "Brooklyn", "zip_code": "11226", "country": "US", "state": "NY", "display_address": ["738 Flatbush Ave", "Brooklyn, NY 11226"]}, "phone": "+16466836012", "display_phone": "(646) 683-6012", "distance": 6318.168467714352}, {"id": "GjAHO7PA-3Sxg1lkGza4sQ", "alias": "b-and-b-restaurant-corporation-new-york", "name": "B&B Restaurant Corporation", "image_url": "https://s3-media3.fl.yelpcdn.com/bphoto/1K16MSCu2unC9HVUqnhDBA/o.jpg", "is_closed": false, "url": "https://www.yelp.com/biz/b-and-b-restaurant-corporation-new-york?adjust_creative=a13dN0CY8XDTpMhWiRdWkw&utm_campaign=yelp_api_v3&utm_medium=api_v3_business_search&utm_source=a13dN0CY8XDTpMhWiRdWkw", "review_count": 160, "categories": [{"alias": "african", "title": "African"}, {"alias": "caribbean", "title": "Caribbean"}], "rating": 4.5, "coordinates": {"latitude": 40.7459112, "longitude": -73.9936086}, "transactions": ["pickup", "delivery"], "price": "$", "location": {"address1": "165 West 26th St", "address2": "", "address3": "", "city": "New York", "zip_code": "10001", "country": "US", "state": "NY", "display_address": ["165 West 26th St", "New York, NY 10001"]}, "phone": "+16464298174", "display_phone": "(646) 429-8174", "distance": 4500.01604276325}, {"id": "0SqFgkdmfNWj9iUQgfghEA", "alias": "veronicas-kitchen-new-york", "name": "Veronica's Kitchen", "image_url": "https://s3-media4.fl.yelpcdn.com/bphoto/gbVCzIRaY1JrkVlTtMUfNQ/o.jpg", "is_closed": false, "url": "https://www.yelp.com/biz/veronicas-kitchen-new-york?adjust_creative=a13dN0CY8XDTpMhWiRdWkw&utm_campaign=yelp_api_v3&utm_medium=api_v3_business_search&utm_source=a13dN0CY8XDTpMhWiRdWkw", "review_count": 162, "categories": [{"alias": "soulfood", "title": "Soul Food"}, {"alias": "foodstands", "title": "Food Stands"}, {"alias": "trinidadian", "title": "Trinidadian"}], "rating": 4.0, "coordinates": {"latitude": 40.7056045963693, "longitude": -74.0064248767212}, "transactions": [], "price": "$", "location": {"address1": "Front St & Pine St", "address2": "", "address3": "", "city": "New York", "zip_code": "10005", "country": "US", "state": "NY", "display_address": ["Front St & Pine St", "New York, NY 10005"]}, "phone": "+19178482465", "display_phone": "(917) 848-2465", "distance": 1022.7759254330712}, {"id": "lXPQ5iNQjEPxX86D8YLV-w", "alias": "amarachi-brooklyn-2", "name": "Amarachi", "image_url": "https://s3-media2.fl.yelpcdn.com/bphoto/K5f3lcSo-xGSLO0NNlTdFQ/o.jpg", "is_closed": false, "url": "https://www.yelp.com/biz/amarachi-brooklyn-2?adjust_creative=a13dN0CY8XDTpMhWiRdWkw&utm_campaign=yelp_api_v3&utm_medium=api_v3_business_search&utm_source=a13dN0CY8XDTpMhWiRdWkw", "review_count": 436, "categories": [{"alias": "tradamerican", "title": "American (Traditional)"}, {"alias": "caribbean", "title": "Caribbean"}, {"alias": "african", "title": "African"}], "rating": 3.5, "coordinates": {"latitude": 40.69803, "longitude": -73.98482}, "transactions": ["pickup", "delivery"], "price": "$$", "location": {"address1": "189 Bridge St", "address2": "", "address3": "", "city": "Brooklyn", "zip_code": "11201", "country": "US", "state": "NY", "display_address": ["189 Bridge St", "Brooklyn, NY 11201"]}, "phone": "+17182221010", "display_phone": "(718) 222-1010", "distance": 1161.5143237627856}, {"id": "LBX7IKwc2y5_0mbCXkYC-Q", "alias": "peppas-jerk-chicken-brooklyn-2", "name": "Peppa's Jerk Chicken", "image_url": "https://s3-media4.fl.yelpcdn.com/bphoto/QXchpn_hK0zFR0Mi2kP6iw/o.jpg", "is_closed": false, "url": "https://www.yelp.com/biz/peppas-jerk-chicken-brooklyn-2?adjust_creative=a13dN0CY8XDTpMhWiRdWkw&utm_campaign=yelp_api_v3&utm_medium=api_v3_business_search&utm_source=a13dN0CY8XDTpMhWiRdWkw", "review_count": 174, "categories": [{"alias": "caribbean", "title": "Caribbean"}, {"alias": "chickenshop", "title": "Chicken Shop"}], "rating": 3.0, "coordinates": {"latitude": 40.67445, "longitude": -73.950405}, "transactions": ["pickup", "delivery"], "price": "$$", "location": {"address1": "791 Prospect Pl", "address2": null, "address3": "", "city": "Brooklyn", "zip_code": "11216", "country": "US", "state": "NY", "display_address": ["791 Prospect Pl", "Brooklyn, NY 11216"]}, "phone": "+17184503976", "display_phone": "(718) 450-3976", "distance": 5030.189844090065}, {"id": "i8d88iU8p1g3JQml4wxSfQ", "alias": "sunrise-grill-new-york", "name": "Sunrise Grill", "image_url": "https://s3-media1.fl.yelpcdn.com/bphoto/Qh0M76kiK0CI8eZdSajwbw/o.jpg", "is_closed": false, "url": "https://www.yelp.com/biz/sunrise-grill-new-york?adjust_creative=a13dN0CY8XDTpMhWiRdWkw&utm_campaign=yelp_api_v3&utm_medium=api_v3_business_search&utm_source=a13dN0CY8XDTpMhWiRdWkw", "review_count": 1, "categories": [{"alias": "caribbean", "title": "Caribbean"}, {"alias": "foodtrucks", "title": "Food Trucks"}], "rating": 4.0, "coordinates": {"latitude": 40.704379986836, "longitude": -74.0112900361419}, "transactions": [], "location": {"address1": "28 S William St", "address2": "", "address3": null, "city": "New York", "zip_code": "10004", "country": "US", "state": "NY", "display_address": ["28 S William St", "New York, NY 10004"]}, "phone": "+13474850250", "display_phone": "(347) 485-0250", "distance": 1437.6213336915403}, {"id": "jcZ0EKRhIkEk3a8iOv8Axg", "alias": "km1-new-york", "name": "Km1", "image_url": "https://s3-media4.fl.yelpcdn.com/bphoto/ecbvNhEHPClBZF0ERwPGjg/o.jpg", "is_closed": false, "url": "https://www.yelp.com/biz/km1-new-york?adjust_creative=a13dN0CY8XDTpMhWiRdWkw&utm_campaign=yelp_api_v3&utm_medium=api_v3_business_search&utm_source=a13dN0CY8XDTpMhWiRdWkw", "review_count": 14, "categories": [{"alias": "caribbean", "title": "Caribbean"}, {"alias": "cocktailbars", "title": "Cocktail Bars"}], "rating": 5.0, "coordinates": {"latitude": 40.7238, "longitude": -73.98925}, "transactions": ["pickup", "delivery"], "location": {"address1": "58 East 1st St", "address2": null, "address3": "", "city": "New York", "zip_code": "10003", "country": "US", "state": "NY", "display_address": ["58 East 1st St", "New York, NY 10003"]}, "phone": "+16466697547", "display_phone": "(646) 669-7547", "distance": 2084.7860900919527}, {"id": "xpHm-sIPxE-Vv1Ypf9QCoQ", "alias": "caribbean-king-new-york-4", "name": "Caribbean King", "image_url": "https://s3-media2.fl.yelpcdn.com/bphoto/NeqLuCk4Bm_8Xa0rOyQ9Hg/o.jpg", "is_closed": false, "url": "https://www.yelp.com/biz/caribbean-king-new-york-4?adjust_creative=a13dN0CY8XDTpMhWiRdWkw&utm_campaign=yelp_api_v3&utm_medium=api_v3_business_search&utm_source=a13dN0CY8XDTpMhWiRdWkw", "review_count": 50, "categories": [{"alias": "foodtrucks", "title": "Food Trucks"}, {"alias": "caribbean", "title": "Caribbean"}], "rating": 3.5, "coordinates": {"latitude": 40.73139, "longitude": -74.00159}, "transactions": ["delivery"], "price": "$$", "location": {"address1": "329 6th Ave", "address2": null, "address3": null, "city": "New York", "zip_code": "10012", "country": "US", "state": "NY", "display_address": ["329 6th Ave", "New York, NY 10012"]}, "phone": "+19179007582", "display_phone": "(917) 900-7582", "distance": 2941.833987677973}, {"id": "4axlhxyN2bKuRWfnY2IhuQ", "alias": "tabar\u00e9-brooklyn-2", "name": "Tabar\u00e9", "image_url": "https://s3-media4.fl.yelpcdn.com/bphoto/seC6-UXedR23zcn6Q-Raew/o.jpg", "is_closed": false, "url": "https://www.yelp.com/biz/tabar%C3%A9-brooklyn-2?adjust_creative=a13dN0CY8XDTpMhWiRdWkw&utm_campaign=yelp_api_v3&utm_medium=api_v3_business_search&utm_source=a13dN0CY8XDTpMhWiRdWkw", "review_count": 670, "categories": [{"alias": "latin", "title": "Latin American"}], "rating": 4.0, "coordinates": {"latitude": 40.713046, "longitude": -73.958968}, "transactions": ["pickup", "delivery"], "price": "$$", "location": {"address1": "221 S 1st St", "address2": "", "address3": "", "city": "Brooklyn", "zip_code": "11211", "country": "US", "state": "NY", "display_address": ["221 S 1st St", "Brooklyn, NY 11211"]}, "phone": "+13473350187", "display_phone": "(347) 335-0187", "distance": 3095.160559528829}, {"id": "5wMhIUdl9d3WJZpIW8dxDQ", "alias": "nicoles-caribbean-restaurant-jersey-city-38", "name": "Nicole's Caribbean Restaurant", "image_url": "https://s3-media3.fl.yelpcdn.com/bphoto/CBQbMZ0n-PAqSYaw_xGa_Q/o.jpg", "is_closed": false, "url": "https://www.yelp.com/biz/nicoles-caribbean-restaurant-jersey-city-38?adjust_creative=a13dN0CY8XDTpMhWiRdWkw&utm_campaign=yelp_api_v3&utm_medium=api_v3_business_search&utm_source=a13dN0CY8XDTpMhWiRdWkw", "review_count": 134, "categories": [{"alias": "caribbean", "title": "Caribbean"}], "rating": 4.0, "coordinates": {"latitude": 40.7208842640608, "longitude": -74.046776868648}, "transactions": ["pickup", "delivery"], "price": "$", "location": {"address1": "521 Jersey Ave", "address2": "", "address3": "", "city": "Jersey City", "zip_code": "07302", "country": "US", "state": "NJ", "display_address": ["521 Jersey Ave", "Jersey City, NJ 07302"]}, "phone": "+12014338443", "display_phone": "(201) 433-8443", "distance": 4744.991629541285}, {"id": "iQq4-DZDD-pwhOMXRK3j6A", "alias": "carneval-brooklyn", "name": "Carneval", "image_url": "https://s3-media2.fl.yelpcdn.com/bphoto/rUK5sCb4GcsGYoxpLkAMWQ/o.jpg", "is_closed": false, "url": "https://www.yelp.com/biz/carneval-brooklyn?adjust_creative=a13dN0CY8XDTpMhWiRdWkw&utm_campaign=yelp_api_v3&utm_medium=api_v3_business_search&utm_source=a13dN0CY8XDTpMhWiRdWkw", "review_count": 102, "categories": [{"alias": "latin", "title": "Latin American"}, {"alias": "cocktailbars", "title": "Cocktail Bars"}], "rating": 4.0, "coordinates": {"latitude": 40.711198, "longitude": -73.950864}, "transactions": ["pickup", "delivery", "restaurant_reservation"], "price": "$$", "location": {"address1": "507 Grand St", "address2": null, "address3": "", "city": "Brooklyn", "zip_code": "11211", "country": "US", "state": "NY", "display_address": ["507 Grand St", "Brooklyn, NY 11211"]}, "phone": "+13477213193", "display_phone": "(347) 721-3193", "distance": 3721.933614260581}, {"id": "MGKoqfOinZbW3NkV2fYhIA", "alias": "sally-s-brooklyn", "name": "Sally\u2019s", "image_url": "https://s3-media3.fl.yelpcdn.com/bphoto/rmYpgwErhZFtEQHE83GiLQ/o.jpg", "is_closed": false, "url": "https://www.yelp.com/biz/sally-s-brooklyn?adjust_creative=a13dN0CY8XDTpMhWiRdWkw&utm_campaign=yelp_api_v3&utm_medium=api_v3_business_search&utm_source=a13dN0CY8XDTpMhWiRdWkw", "review_count": 28, "categories": [{"alias": "bars", "title": "Bars"}, {"alias": "caribbean", "title": "Caribbean"}], "rating": 4.5, "coordinates": {"latitude": 40.694143, "longitude": -73.945805}, "transactions": ["pickup", "delivery"], "location": {"address1": "151 Tompkins Ave", "address2": "", "address3": null, "city": "Brooklyn", "zip_code": "11206", "country": "US", "state": "NY", "display_address": ["151 Tompkins Ave", "Brooklyn, NY 11206"]}, "phone": "", "display_phone": "", "distance": 4277.6533680480015}, {"id": "Dw0D3560Yt3pQtdm74gGeQ", "alias": "a-and-a-bake-and-double-and-roti-shop-brooklyn-3", "name": "A&A Bake and Double and Roti Shop", "image_url": "https://s3-media2.fl.yelpcdn.com/bphoto/K6S7vozQNFllhWDe1KOYuQ/o.jpg", "is_closed": false, "url": "https://www.yelp.com/biz/a-and-a-bake-and-double-and-roti-shop-brooklyn-3?adjust_creative=a13dN0CY8XDTpMhWiRdWkw&utm_campaign=yelp_api_v3&utm_medium=api_v3_business_search&utm_source=a13dN0CY8XDTpMhWiRdWkw", "review_count": 255, "categories": [{"alias": "bakeries", "title": "Bakeries"}, {"alias": "trinidadian", "title": "Trinidadian"}, {"alias": "hotdogs", "title": "Fast Food"}], "rating": 4.5, "coordinates": {"latitude": 40.68043, "longitude": -73.94795}, "transactions": [], "price": "$", "location": {"address1": "1337 Fulton St", "address2": "", "address3": null, "city": "Brooklyn", "zip_code": "11216", "country": "US", "state": "NY", "display_address": ["1337 Fulton St", "Brooklyn, NY 11216"]}, "phone": "+13474250016", "display_phone": "(347) 425-0016", "distance": 4789.916918807634}, {"id": "5W55UFYVTAdPvvo5xH0DbA", "alias": "voil\u00e0-afrique-new-york", "name": "Voil\u00e0 Afrique", "image_url": "https://s3-media3.fl.yelpcdn.com/bphoto/7tOy35IcNIV2zZauMN5IkA/o.jpg", "is_closed": false, "url": "https://www.yelp.com/biz/voil%C3%A0-afrique-new-york?adjust_creative=a13dN0CY8XDTpMhWiRdWkw&utm_campaign=yelp_api_v3&utm_medium=api_v3_business_search&utm_source=a13dN0CY8XDTpMhWiRdWkw", "review_count": 50, "categories": [{"alias": "african", "title": "African"}, {"alias": "latin", "title": "Latin American"}, {"alias": "caribbean", "title": "Caribbean"}], "rating": 4.5, "coordinates": {"latitude": 40.751572, "longitude": -73.970661}, "transactions": ["pickup", "delivery"], "location": {"address1": "844 2nd Ave", "address2": null, "address3": "", "city": "New York", "zip_code": "10017", "country": "US", "state": "NY", "display_address": ["844 2nd Ave", "New York, NY 10017"]}, "phone": "+19173273510", "display_phone": "(917) 327-3510", "distance": 5501.954271820847}, {"id": "kEswi0_V_bhJJwTCspOwxg", "alias": "caribbean-starr-restaurant-new-york", "name": "Caribbean Starr Restaurant", "image_url": "https://s3-media3.fl.yelpcdn.com/bphoto/39fHjsmqJWeQ4nNm1vCxzg/o.jpg", "is_closed": false, "url": "https://www.yelp.com/biz/caribbean-starr-restaurant-new-york?adjust_creative=a13dN0CY8XDTpMhWiRdWkw&utm_campaign=yelp_api_v3&utm_medium=api_v3_business_search&utm_source=a13dN0CY8XDTpMhWiRdWkw", "review_count": 128, "categories": [{"alias": "caribbean", "title": "Caribbean"}, {"alias": "seafood", "title": "Seafood"}, {"alias": "breakfast_brunch", "title": "Breakfast & Brunch"}], "rating": 3.5, "coordinates": {"latitude": 40.8071360749804, "longitude": -73.9456482098171}, "transactions": ["pickup", "delivery"], "price": "$$", "location": {"address1": "280 Malcolm X Blvd", "address2": "", "address3": null, "city": "New York", "zip_code": "10027", "country": "US", "state": "NY", "display_address": ["280 Malcolm X Blvd", "New York, NY 10027"]}, "phone": "+19172617668", "display_phone": "(917) 261-7668", "distance": 12026.989334826514}, {"id": "QnHBif00Fg0n6tJUj9ZX2A", "alias": "likkle-more-jerk-brooklyn", "name": "Likkle More Jerk", "image_url": "https://s3-media3.fl.yelpcdn.com/bphoto/4OOOCL6xw4AShObWpgOZPw/o.jpg", "is_closed": false, "url": "https://www.yelp.com/biz/likkle-more-jerk-brooklyn?adjust_creative=a13dN0CY8XDTpMhWiRdWkw&utm_campaign=yelp_api_v3&utm_medium=api_v3_business_search&utm_source=a13dN0CY8XDTpMhWiRdWkw", "review_count": 115, "categories": [{"alias": "caribbean", "title": "Caribbean"}], "rating": 4.0, "coordinates": {"latitude": 40.6911741612081, "longitude": -73.9829823374748}, "transactions": ["pickup", "delivery"], "price": "$$", "location": {"address1": "445 Albee Square W", "address2": null, "address3": null, "city": "Brooklyn", "zip_code": "11201", "country": "US", "state": "NY", "display_address": ["445 Albee Square W", "Brooklyn, NY 11201"]}, "phone": "+19293784471", "display_phone": "(929) 378-4471", "distance": 1851.2853584434927}, {"id": "RE44EfrAGoE2aIsr_BFTKg", "alias": "jamrock-jerk-new-york-4", "name": "Jamrock Jerk", "image_url": "https://s3-media2.fl.yelpcdn.com/bphoto/3eU1kgXANH3xs-TgosK-eA/o.jpg", "is_closed": false, "url": "https://www.yelp.com/biz/jamrock-jerk-new-york-4?adjust_creative=a13dN0CY8XDTpMhWiRdWkw&utm_campaign=yelp_api_v3&utm_medium=api_v3_business_search&utm_source=a13dN0CY8XDTpMhWiRdWkw", "review_count": 86, "categories": [{"alias": "caribbean", "title": "Caribbean"}, {"alias": "streetvendors", "title": "Street Vendors"}], "rating": 4.5, "coordinates": {"latitude": 40.7460975646973, "longitude": -73.9799194335938}, "transactions": ["pickup", "delivery"], "price": "$$", "location": {"address1": null, "address2": null, "address3": null, "city": "New York", "zip_code": "10016", "country": "US", "state": "NY", "display_address": ["New York, NY 10016"]}, "phone": "+17184006139", "display_phone": "(718) 400-6139", "distance": 4802.811297440925}, {"id": "po5mseP4sD99YiRYA6FSfg", "alias": "jerk-off-the-grill-new-york", "name": "Jerk Off The Grill", "image_url": "https://s3-media2.fl.yelpcdn.com/bphoto/sQpGZYcmwNT0kpYKziOEbQ/o.jpg", "is_closed": false, "url": "https://www.yelp.com/biz/jerk-off-the-grill-new-york?adjust_creative=a13dN0CY8XDTpMhWiRdWkw&utm_campaign=yelp_api_v3&utm_medium=api_v3_business_search&utm_source=a13dN0CY8XDTpMhWiRdWkw", "review_count": 60, "categories": [{"alias": "caribbean", "title": "Caribbean"}, {"alias": "breakfast_brunch", "title": "Breakfast & Brunch"}, {"alias": "bbq", "title": "Barbeque"}], "rating": 4.0, "coordinates": {"latitude": 40.771682, "longitude": -73.953836}, "transactions": ["pickup", "delivery"], "location": {"address1": "354 E 78th St", "address2": null, "address3": "", "city": "New York", "zip_code": "10075", "country": "US", "state": "NY", "display_address": ["354 E 78th St", "New York, NY 10075"]}, "phone": "+12122490305", "display_phone": "(212) 249-0305", "distance": 8117.4383665628875}, {"id": "vmU2oLglodmiFK0iQGzDFw", "alias": "sally-roots-brooklyn", "name": "Sally Roots", "image_url": "https://s3-media4.fl.yelpcdn.com/bphoto/XSG6FYyIWAXG7sTNL7f-XA/o.jpg", "is_closed": false, "url": "https://www.yelp.com/biz/sally-roots-brooklyn?adjust_creative=a13dN0CY8XDTpMhWiRdWkw&utm_campaign=yelp_api_v3&utm_medium=api_v3_business_search&utm_source=a13dN0CY8XDTpMhWiRdWkw", "review_count": 279, "categories": [{"alias": "caribbean", "title": "Caribbean"}, {"alias": "cocktailbars", "title": "Cocktail Bars"}, {"alias": "sandwiches", "title": "Sandwiches"}], "rating": 4.0, "coordinates": {"latitude": 40.702756, "longitude": -73.916372}, "transactions": ["pickup", "delivery"], "price": "$$", "location": {"address1": "195 Wyckoff Ave", "address2": "", "address3": null, "city": "Brooklyn", "zip_code": "11237", "country": "US", "state": "NY", "display_address": ["195 Wyckoff Ave", "Brooklyn, NY 11237"]}, "phone": "+13474250888", "display_phone": "(347) 425-0888", "distance": 6575.201595561156}, {"id": "RAE2yM_5uQlKg3ZFLGsjFw", "alias": "harrys-daughter-jersey-city-5", "name": "Harry's Daughter", "image_url": "https://s3-media2.fl.yelpcdn.com/bphoto/jRZIwvrMG-g2U3HHqGxP0A/o.jpg", "is_closed": false, "url": "https://www.yelp.com/biz/harrys-daughter-jersey-city-5?adjust_creative=a13dN0CY8XDTpMhWiRdWkw&utm_campaign=yelp_api_v3&utm_medium=api_v3_business_search&utm_source=a13dN0CY8XDTpMhWiRdWkw", "review_count": 280, "categories": [{"alias": "caribbean", "title": "Caribbean"}, {"alias": "gastropubs", "title": "Gastropubs"}, {"alias": "cocktailbars", "title": "Cocktail Bars"}], "rating": 4.5, "coordinates": {"latitude": 40.71083, "longitude": -74.06228}, "transactions": ["pickup", "delivery"], "price": "$$", "location": {"address1": "339 Communipaw Ave", "address2": "", "address3": null, "city": "Jersey City", "zip_code": "07304", "country": "US", "state": "NJ", "display_address": ["339 Communipaw Ave", "Jersey City, NJ 07304"]}, "phone": "+12014332471", "display_phone": "(201) 433-2471", "distance": 5761.107294938433}, {"id": "UKy0nNjMkOBEU3dOCH831w", "alias": "cuba-restaurant-and-rum-bar-new-york", "name": "Cuba Restaurant and Rum Bar", "image_url": "https://s3-media2.fl.yelpcdn.com/bphoto/sGW1c_plm14yarqFeUbLGw/o.jpg", "is_closed": false, "url": "https://www.yelp.com/biz/cuba-restaurant-and-rum-bar-new-york?adjust_creative=a13dN0CY8XDTpMhWiRdWkw&utm_campaign=yelp_api_v3&utm_medium=api_v3_business_search&utm_source=a13dN0CY8XDTpMhWiRdWkw", "review_count": 1598, "categories": [{"alias": "cuban", "title": "Cuban"}], "rating": 4.0, "coordinates": {"latitude": 40.729084, "longitude": -73.998832}, "transactions": ["pickup", "delivery"], "price": "$$", "location": {"address1": "222 Thompson St", "address2": null, "address3": "", "city": "New York", "zip_code": "10012", "country": "US", "state": "NY", "display_address": ["222 Thompson St", "New York, NY 10012"]}, "phone": "+12124207878", "display_phone": "(212) 420-7878", "distance": 2659.491945793402}, {"id": "ueVSTErmXbqtN1glQd5p5A", "alias": "greedy-pot-new-york", "name": "Greedy Pot", "image_url": "https://s3-media3.fl.yelpcdn.com/bphoto/Tt1dWRZSxK6ZGisZGCBPlQ/o.jpg", "is_closed": false, "url": "https://www.yelp.com/biz/greedy-pot-new-york?adjust_creative=a13dN0CY8XDTpMhWiRdWkw&utm_campaign=yelp_api_v3&utm_medium=api_v3_business_search&utm_source=a13dN0CY8XDTpMhWiRdWkw", "review_count": 37, "categories": [{"alias": "caribbean", "title": "Caribbean"}, {"alias": "southern", "title": "Southern"}, {"alias": "bbq", "title": "Barbeque"}], "rating": 4.5, "coordinates": {"latitude": 40.80417, "longitude": -73.95216}, "transactions": ["delivery"], "location": {"address1": "1944 7th Ave", "address2": null, "address3": "", "city": "New York", "zip_code": "10026", "country": "US", "state": "NY", "display_address": ["1944 7th Ave", "New York, NY 10026"]}, "phone": "+19176757676", "display_phone": "(917) 675-7676", "distance": 11537.4781940482}, {"id": "tC4D1a5CR69VyK5VrHimQw", "alias": "suede-brooklyn", "name": "Suede", "image_url": "https://s3-media3.fl.yelpcdn.com/bphoto/I10k6zy6CDVzc_eU4PXVpg/o.jpg", "is_closed": false, "url": "https://www.yelp.com/biz/suede-brooklyn?adjust_creative=a13dN0CY8XDTpMhWiRdWkw&utm_campaign=yelp_api_v3&utm_medium=api_v3_business_search&utm_source=a13dN0CY8XDTpMhWiRdWkw", "review_count": 1214, "categories": [{"alias": "caribbean", "title": "Caribbean"}], "rating": 3.5, "coordinates": {"latitude": 40.64455, "longitude": -73.92342}, "transactions": ["pickup", "delivery"], "price": "$$", "location": {"address1": "5610 Clarendon Rd", "address2": "", "address3": "", "city": "Brooklyn", "zip_code": "11203", "country": "US", "state": "NY", "display_address": ["5610 Clarendon Rd", "Brooklyn, NY 11203"]}, "phone": "+13474747328", "display_phone": "(347) 474-7328", "distance": 9031.261360725703}, {"id": "L7SAE6REtK71TNI2C98_bQ", "alias": "alis-trinidad-roti-shop-brooklyn-2", "name": "Ali's Trinidad Roti Shop", "image_url": "https://s3-media2.fl.yelpcdn.com/bphoto/oslbHIH3vBY4AjIba_yzVA/o.jpg", "is_closed": false, "url": "https://www.yelp.com/biz/alis-trinidad-roti-shop-brooklyn-2?adjust_creative=a13dN0CY8XDTpMhWiRdWkw&utm_campaign=yelp_api_v3&utm_medium=api_v3_business_search&utm_source=a13dN0CY8XDTpMhWiRdWkw", "review_count": 309, "categories": [{"alias": "trinidadian", "title": "Trinidadian"}], "rating": 4.0, "coordinates": {"latitude": 40.68065, "longitude": -73.95061}, "transactions": [], "price": "$", "location": {"address1": "1267 Fulton St", "address2": "", "address3": "", "city": "Brooklyn", "zip_code": "11216", "country": "US", "state": "NY", "display_address": ["1267 Fulton St", "Brooklyn, NY 11216"]}, "phone": "+17187830316", "display_phone": "(718) 783-0316", "distance": 4600.520078504443}], "total": 240, "region": {"center": {"longitude": -73.99429321289062, "latitude": 40.70544486444615}}}